A Christmas Carol,Charles Dickens,1843
The Mysterious Affair at Styles,Agatha Christie,1920
Pride and Prejudice,Jane Austen,1813
The Picture of Dorian Gray,Oscar Wilde,1890
Jane Eyre,Charlotte Brontë,1847
The Time Machine,H.G. Wells,1895
The Island of Dr. Moreau,H.G. Wells,1896
The Man Who Was Thursday: A Nightmare,G.K. Chesterton,1908
A Study in Scarlet,Arthur Conan Doyle,1887
Treasure Island,Robert Louis Stevenson,1882
The Strange Case of Dr. Jekyll and Mr. Hyde,Robert Louis Stevenson,1886
Crime and Punishment,Fyodor Dostoyevsky,1866
Dracula,Bram Stoker,1897
The War of the Worlds,H.G. Wells,1898
Frankenstein,Mary Wollstonecraft Shelley,1818
Wuthering Heights,Emily Brontë,1847
Cranford,Elizabeth Gaskell,1853
The Moonstone,Wilkie Collins,1868
North and South,Elizabeth Gaskell,1855
The Age of Innocence,Edith Wharton,1920
Persuasion,Jane Austen,1817
The Yellow Wall-Paper,Charlotte Perkins Gilman,1892
The Secret Garden,Frances Hodgson Burnett,1911
My Man Jeeves,P.G. Wodehouse,1919
The Turn of the Screw,Henry James,1898
A Connecticut Yankee in King Arthur's Court,Mark Twain,1889
Mansfield Park,Jane Austen,1814
Sense and Sensibility,Jane Austen,1811
The Metamorphosis,Franz Kafka,1915
Oliver Twist,Charles Dickens,1838
A Tale of Two Cities,Charles Dickens,1859
The Tenant of Wildfell Hall,Anne Brontë,1848
The Adventures of Sherlock Holmes,Arthur Conan Doyle,1892
Madame Bovary,Gustave Flaubert,1856
Three Men in a Boat,Jerome K. Jerome,1889
The Sign of Four,Arthur Conan Doyle,1890
Emma,Jane Austen,1815
Around the World in Eighty Days,Jules Verne,1872
A Princess of Mars,Edgar Rice Burroughs,1912
The Secret Adversary,Agatha Christie,1922
The Wonderful Wizard of Oz,L. Frank Baum,1900
Heart of Darkness,Joseph Conrad,1899
Great Expectations,Charles Dickens,1860
The Trial,Franz Kafka,1925
Northanger Abbey,Jane Austen,1817
The Hound of the Baskervilles,Arthur Conan Doyle,1902
David Copperfield,Charles Dickens,1849
The Count of Monte Cristo,Alexandre Dumas,1844
"Moby-Dick or, The Whale",Herman Melville,1851
War and Peace,Leo Tolstoy,1869
Twenty Thousand Leagues Under the Sea,Jules Verne,1869
The Invisible Man,H.G. Wells,1897
Don Quixote,Miguel de Cervantes Saavedra,1615
The Three Musketeers,Alexandre Dumas,1844
Silas Marner,George Eliot,1861
Middlemarch,George Eliot,1871
The Arabian Nights,Anonymous,800
The Jungle,Upton Sinclair,1906
The Importance of Being Earnest,Oscar Wilde,1895
Dead Souls,Nikolai Gogol,1842
The Woman in White,Wilkie Collins,1859
Gulliver's Travels,Jonathan Swift,1726
Anna Karenina,Leo Tolstoy,1878
Lady Susan,Jane Austen,1871
King Solomon's Mines,H. Rider Haggard,1885
Tarzan of the Apes,Edgar Rice Burroughs,1912
The Call of the Wild,Jack London,1903
The Prince,Niccolò Machiavelli,1513
The Scarlet Pimpernel,Emmuska Orczy,1905
Dubliners,James Joyce,1914
Meditations,Marcus Aurelius,180
A Vindication of the Rights of Woman,Mary Wollstonecraft,1792
Siddhartha,Hermann Hesse,1922
The Prince and the Pauper,Mark Twain,1881
Eugene Onegin,Alexander Pushkin,1825
The Awakening,Kate Chopin,1899
Bleak House,Charles Dickens,1853
Lady Audley's Secret,Mary Elizabeth Braddon,1862
An Occurrence at Owl Creek Bridge,Ambrose Bierce,1890
Flatland: A Romance of Many Dimensions,Edwin A. Abbott,1884
Peter Pan,J.M. Barrie,1904
Candide,Voltaire,1759
Hunger,Knut Hamsun,1890
The Man in the Iron Mask,Alexandre Dumas,1850
The Leavenworth Case,Anna Katharine Green,1878
The Innocence of Father Brown,G.K. Chesterton,1911
The Monk,Matthew Lewis,1796
The 39 Steps,John Buchan,1915
The Autobiography of Benjamin Franklin,Benjamin Franklin,1791
The Idiot,Fyodor Dostoyevsky,1868
The Adventures of Huckleberry Finn,Mark Twain,1884
Leviathan,Thomas Hobbes,1651
Walden,Henry David Thoreau,1854
The Republic,Plato,380
Ulysses,James Joyce,1922
The Brothers Karamazov,Fyodor Dostoyevsky,1880
Vanity Fair,William Makepeace Thackeray,1848
Pygmalion,George Bernard Shaw,1912
The Mysteries of Udolpho,Ann Radcliffe,1794
Les Misérables,Victor Hugo,1862
The Complete Essays,Michel de Montaigne,1572
The Velveteen Rabbit,Margery Williams,1922
The Vampyre; A Tale,John William Polidori,1819
Carmilla,J. Sheridan Le Fanu,1872
Hedda Gabler,Henrik Ibsen,1890
Hard Times,Charles Dickens,1854
Little Women,Louisa May Alcott,1868
The Water Babies,Charles Kingsley,1863
Gargantua and Pantagruel,François Rabelais,1532
The Ambassadors,Henry James,1903
The Red and the Black,Stendhal,1830
The Sorrows of Young Werther,Johann Wolfgang von Goethe,1774
A Modest Proposal,Jonathan Swift,1729
The Adventures of Tom Sawyer,Mark Twain,1876
Villette,Charlotte Brontë,1853
Anne of Green Gables,L.M. Montgomery,1908
Castle Rackrent,Maria Edgeworth,1800
Far from the Madding Crowd,Thomas Hardy,1874
The Aeneid,Virgil,19
The Haunted Bookshop,Christopher Morley,1948
The Nose,Nikolai Gogol,1836
Sister Carrie,Theodore Dreiser,1900
The Old Wives' Tale,Arnold Bennett,1908
The Memoirs of Sherlock Holmes,Arthur Conan Doyle,1894
Roxana,Daniel Defoe,1714
The Wendigo,Algernon Blackwood,1910
The Legend of Sleepy Hollow,Washington Irving,1820
The Scarlet Letter,Nathaniel Hawthorne,1850
The Valley of Fear,Arthur Conan Doyle,1915
The Diary of a Nobody,George Grossmith,1892
"Right Ho, Jeeves",P.G. Wodehouse,1934
Cecilia,Fanny Burney,1782
Scaramouche,Rafael Sabatini,1921
Parnassus on Wheels,Christopher Morley,1917
Bartleby the Scrivener,Herman Melville,1853
The Wind in the Willows,Kenneth Grahame,1908
Uncle Tom's Cabin,Harriet Beecher Stowe,1852
The Blue Fairy Book,Andrew Lang,1887
The House on the Borderland,William Hope Hodgson,1908
Songs of Innocence and of Experience,William Blake,1794
Five Children and It,E. Nesbit,1902
Alice's Adventures in Wonderland & Through the Looking-Glass,Lewis Carroll,1872
Faust: First Part,Johann Wolfgang von Goethe,1808
The Private Memoirs and Confessions of a Justified Sinner,James Hogg,1824
The Canterville Ghost,Oscar Wilde,1887
The Gift of the Magi,O. Henry,1905
A Girl of the Limberlost,Gene Stratton-Porter,1909
The Circular Staircase,Mary Roberts Rinehart,1908
The Lost World,Arthur Conan Doyle,1912
Agnes Grey,Anne Brontë,1847
A Room with a View,E.M. Forster,1908
Tess of the D'Urbervilles,Thomas Hardy,1891
Moll Flanders,Daniel Defoe,1722
The Pilgrim's Progress,John Bunyan,1678
Ivanhoe,Walter Scott,1819
The Red Badge of Courage,Stephen Crane,1895
Robinson Crusoe,Daniel Defoe,1719
The Federalist Papers,Alexander Hamilton,1787
Beyond Good and Evil,Friedrich Nietzsche,1886
Cyrano de Bergerac,Edmond Rostand,1897
The Art of War,Sun Tzu,500
The Wealth of Nations,Adam Smith,1776
The Communist Manifesto,Karl Marx,1848
The Return of Sherlock Holmes,Arthur Conan Doyle,1905
The Unabridged Devil's Dictionary,Ambrose Bierce,1906
No Thoroughfare,Charles Dickens,1867
Martin Chuzzlewit,Charles Dickens,1844
The Theory of the Leisure Class,Thorstein Veblen,1899
Pensées,Blaise Pascal,1669
Confessions,Augustine of Hippo,397
Metamorphoses,Ovid,8
Lady into Fox,David Garnett,1922
Lost Illusions,Honoré de Balzac,1837
Our Mutual Friend,Charles Dickens,1865
"Behind a Mask, Or, a Woman's Power",A.M. Barnard,1866
What Maisie Knew,Henry James,1897
Rob Roy,Walter Scott,1817
The Pickwick Papers,Charles Dickens,1837
The Iliad,Homer,750
Leaves of Grass,Walt Whitman,1855
Eve's Diary,Mark Twain,1906
At the Mountains of Madness,H.P. Lovecraft,1936
Walking,Henry David Thoreau,1862
Understood Betsy,Dorothy Canfield Fisher,1916
Second Variety,Philip K. Dick,1953
Swann's Way,Marcel Proust,1913
From the Earth to the Moon,Jules Verne,1865
The Chimes,Charles Dickens,1844
The Old Curiosity Shop,Charles Dickens,1840
Black Beauty,Anna Sewell,1877
The Mill on the Floss,George Eliot,1860
The Hunchback of Notre-Dame,Victor Hugo,1831
Utopia,Thomas More,1516
Pinocchio,Carlo Collodi,1883
Pudd'nhead Wilson,Mark Twain,1893
"The Life and Opinions of Tristram Shandy, Gentleman",Laurence Sterne,1759
The Black Tulip,Alexandre Dumas,1850
Lady Windermere's Fan,Oscar Wilde,1893
The House of Mirth,Edith Wharton,1905
The Portrait of a Lady,Henry James,1881
"The History of Tom Jones, a Foundling",Henry Fielding,1749
Fathers and Sons,Ivan Turgenev,1862
The Home and the World,Rabindranath Tagore,1916
Captains Courageous,Rudyard Kipling,1897
Little Lord Fauntleroy,Frances Hodgson Burnett,1886
The Way of All Flesh,Samuel Butler,1903
My Ántonia,Willa Cather,1918
The Forsyte Saga,John Galsworthy,1921
Ragged Dick,Horatio Alger Jr.,1868
The Odyssey,Homer,720
Dear Enemy,Jean Webster,1915
The Kama Sutra of Vatsyayana,Mallanaga Vātsyāyana,400
Alice in Wonderland,Jane Carruth,1865
Hamlet,William Shakespeare,1603
The Return of Tarzan,Edgar Rice Burroughs,1913
Wives and Daughters,Elizabeth Gaskell,1866
Main Street,Sinclair Lewis,1920
Lord Jim,Joseph Conrad,1900
Kim,Rudyard Kipling,1901
Ethan Frome,Edith Wharton,1911
The Happy Prince and Other Tales,Oscar Wilde,1888
The Garden Party and Other Stories,Katherine Mansfield,1922
Sylvia's Lovers,Elizabeth Gaskell,1863
The Enchanted April,Elizabeth von Arnim,1922
Elizabeth and Her German Garden,Elizabeth von Arnim,1898
A Portrait of the Artist as a Young Man,James Joyce,1916
The First Men in the Moon,H.G. Wells,1901
The Riddle of the Sands,Erskine Childers,1903
The Jungle Book,Rudyard Kipling,1894
The Battle of Life,Charles Dickens,1846
Evelina,Fanny Burney,1778
Trilby,George du Maurier,1894
Narrative of the Life of Frederick Douglass,Frederick Douglass,1845
The Man With Two Left Feet and Other Stories,P.G. Wodehouse,1917
The Shunned House,H.P. Lovecraft,1937
The Man Who Would Be King,Rudyard Kipling,1888
The Old Man in the Corner,Emmuska Orczy,1901
The Gods of Mars,Edgar Rice Burroughs,1913
The Haunted Hotel: A Mystery of Modern Venice,Wilkie Collins,1879
A Little Princess,Frances Hodgson Burnett,1905
Kidnapped,Robert Louis Stevenson,1886
The Tailor of Gloucester,Beatrix Potter,1903
Roughing It,Mark Twain,1872
The Innocents Abroad,Mark Twain,1869
Aesop's Fables,Aesop,560
The Great God Pan,Arthur Machen,1894
Daddy-Long-Legs,Jean Webster,1912
An Old-Fashioned Girl,Louisa May Alcott,1869
Eight Cousins,Louisa May Alcott,1874
Captain Blood,Rafael Sabatini,1922
The Last of the Mohicans,James Fenimore Cooper,1826
The Histories,Herodotus,440
Paradise Lost,John Milton,1667
The Divine Comedy,Dante Alighieri,1304
The Swiss Family Robinson,Johann David Wyss,1812
The King in Yellow and Other Horror Stories,Robert W. Chambers,1970
Two Years Before the Mast: A Sailor's Life at Sea,Richard Henry Dana Jr.,1840
She,H. Rider Haggard,1886
Phantastes,George MacDonald,1858
The King in Yellow,Robert W. Chambers,1895
On Liberty,John Stuart Mill,1859
Incidents in the Life of a Slave Girl,Harriet Ann Jacobs,1861
The Interesting Narrative of the Life of Olaudah Equiano: Written by Himself,Olaudah Equiano,1789
Through the Looking-Glass and What Alice Found There,Lewis Carroll,1871
Myths and Legends of China,E.T.C. Werner,1915
"The History of Rasselas, Prince of Abissinia",Samuel Johnson,1759
Jacob's Room,Virginia Woolf,1922
Anne of Avonlea,L.M. Montgomery,1909
The American,Henry James,1877
The Rover Boys at School,Arthur M. Winfield,1899
Wired Love: A Romance of Dots and Dashes,Ella Cheever Thayer,1879
The Tale of Peter Rabbit,Beatrix Potter,1901
Little Men,Louisa May Alcott,1871
The Symposium,Plato,385
Tales of the Jazz Age,F. Scott Fitzgerald,1922
Orlando,Virginia Woolf,1928
The Wisdom of Father Brown,G.K. Chesterton,1914
The Night Land,William Hope Hodgson,1912
Burning Secret,Stefan Zweig,1913
Three Men on the Bummel,Jerome K. Jerome,1900
The Virginian: A Horseman of the Plains,Owen Wister,1902
The Vicar of Wakefield,Oliver Goldsmith,1766
Rose in Bloom,Louisa May Alcott,1876
Ecclesiastical History of the English People,Bede,731
The Vicomte de Bragelonne,Alexandre Dumas,1848
Louise de La Vallière,Alexandre Dumas,1850
"Varney the Vampire; or, The Feast of Blood",James Malcolm Rymer,1845
"The $30,000 Bequest and Other Stories",Mark Twain,1906
The Haunted Man,Charles Dickens,1848
Life on the Mississippi,Mark Twain,1883
On the Decay of the Art of Lying,Mark Twain,1882
Christian Science,Mark Twain,1899
Notes from Underground,Fyodor Dostoyevsky,1864
South: The Story of Shackleton's Last Expedition 1914-1917,Ernest Shackleton,1919
Grimm's Fairy Stories,Jacob Grimm,1812
The Female Quixote,Charlotte Lennox,1752
The Magic of Oz,L. Frank Baum,1919
Tartuffe,Molière,1664
"Plutarch's Lives, Vol 1",Plutarch,100
Eugénie Grandet,Honoré de Balzac,1833
Nana,Émile Zola,1880
Thérèse Raquin,Émile Zola,1867
Lady Molly of Scotland Yard,Emmuska Orczy,1910
Twelfth Night,William Shakespeare,1601
The Seagull,Anton Chekhov,1895
Oedipus Rex,Sophocles,450
The Secret Agent,Joseph Conrad,1907
Othello,William Shakespeare,1603
"Billy Budd, Sailor",Herman Melville,1924
The Monkey's Paw,W.W. Jacobs,1902
Demons,Fyodor Dostoyevsky,1872
Wilhelm Meister's Apprenticeship,Johann Wolfgang von Goethe,1795
A Tramp Abroad,Mark Twain,1880
L'Assommoir (The Dram Shop),Émile Zola,1877
Germinal,Émile Zola,1885
The Mayor of Casterbridge,Thomas Hardy,1886
Macbeth,William Shakespeare,1606
The Playboy of the Western World,J.M. Synge,1907
Childe Harold's Pilgrimage,George Gordon Byron,1812
The Golden Bowl,Henry James,1904
The Wings of the Dove,Henry James,1901
Democracy in America,Alexis de Tocqueville,1840
Daniel Deronda,George Eliot,1876
Mary Barton,Elizabeth Gaskell,1848
Women in Love,D.H. Lawrence,1920
She Stoops to Conquer,Oliver Goldsmith,1773
Five Little Peppers and How They Grew,Margaret Sidney,1881
Le Morte d'Arthur: King Arthur and the Legends of the Round Table,Thomas Malory,1485
Medea,Euripides,431
The Complete Stories and Poems,Edgar Allan Poe,1966
Poetics,Aristotle,335
Faust,Johann Wolfgang von Goethe,1832
Hippolytus,Euripides,428
Thus Spoke Zarathustra,Friedrich Nietzsche,1883
The Red Lily,Anatole France,1894
The Faerie Queene,Edmund Spenser,1590
"Queen Margot, or Marguerite de Valois",Alexandre Dumas,1845
The Decameron,Giovanni Boccaccio,1353
Journey to the Center of the Earth,Jules Verne,1864
Narrative of the Captivity and Restoration of Mrs. Mary Rowlandson,Mary Rowlandson,1682
سيكولوجية الجماهير,Gustave Le Bon,1895
"The Lady With the Little Dog and Other Stories, 1896-1904",Anton Chekhov,1904
Futility or the Wreck of the Titan,Morgan Robertson,1898
The Castle,Franz Kafka,1926
Round the Moon,Jules Verne,1870
The Law,Frédéric Bastiat,1849
Thelma,Marie Corelli,1887
"The Sorrows of Satan or The Strange Experience of One Geoffrey Tempest, Millionaire",Marie Corelli,1895
The Wheat Princess,Jean Webster,1905
Family Happiness,Leo Tolstoy,1859
Freckles,Gene Stratton-Porter,1904
Jude the Obscure,Thomas Hardy,1895
Crome Yellow,Aldous Huxley,1921
Raffles: The Amateur Cracksman,E.W. Hornung,1898
Sartor Resartus,Thomas Carlyle,1834
Confessions,Jean-Jacques Rousseau,1789
The Four Pools Mystery,Jean Webster,1908
Goblin Market,Christina Rossetti,1862
Camilla,Fanny Burney,1796
Washington Square,Henry James,1880
No Name,Wilkie Collins,1862
Sons and Lovers,D.H. Lawrence,1913
The Return of the Native,Thomas Hardy,1878
Summer,Edith Wharton,1917
An Ideal Husband,Oscar Wilde,1893
Typee: A Peep at Polynesian Life,Herman Melville,1846
"Arsène Lupin, Gentleman-Thief",Maurice Leblanc,1907
Bel-Ami,Guy de Maupassant,1885
"Clarissa, or, the History of a Young Lady",Samuel Richardson,1748
A Hero of Our Time,Mikhail Lermontov,1840
The Black Moth,Georgette Heyer,1921
Of Human Bondage,W. Somerset Maugham,1915
This Side of Paradise,F. Scott Fitzgerald,1920
The Wrong Box,Robert Louis Stevenson,1889
A Sentimental Journey,Laurence Sterne,1768
The Phantom of the Opera,Gaston Leroux,1910
"Pamela; or, Virtue Rewarded",Samuel Richardson,1740
Just Patty,Jean Webster,1911
The Mystery of Dr. Fu-Manchu,Sax Rohmer,1913
The Way We Live Now,Anthony Trollope,1875
Omoo: A Narrative of Adventures in the South Seas,Herman Melville,1847
When Patty Went to College,Jean Webster,1903
Romola,George Eliot,1863
The Yellow Wallpaper and Other Stories,Charlotte Perkins Gilman,1892
Ben-Hur: A Tale of the Christ,Lew Wallace,1880
The Return of the Soldier,Rebecca West,1918
The Nibelungenlied,Unknown,1200
In a Glass Darkly,J. Sheridan Le Fanu,1872
East Lynne,Ellen Price Wood,1861
Armadale,Wilkie Collins,1866
The Cricket on the Hearth,Charles Dickens,1845
Sylvie and Bruno,Lewis Carroll,1889
The Beasts of Tarzan,Edgar Rice Burroughs,1914
The Night Before Christmas,Clement C. Moore,1823
"Winesburg, Ohio",Sherwood Anderson,1919
"Fanny Hill, or Memoirs of a Woman of Pleasure",John Cleland,1748
The Man That Corrupted Hadleyburg,Mark Twain,1898
The Book of Dragons,E. Nesbit,1899
The Good Soldier,Ford Madox Ford,1915
De Profundis,Oscar Wilde,1905
Beowulf,Unknown,975
American Notes For General Circulation,Charles Dickens,1842
Set in Silver,C.N. Williamson,1909
The Coral Island,R.M. Ballantyne,1857
Planet of the Damned,Harry Harrison,1962
A House to Let,Charles Dickens,1858
Poor Miss Finch,Wilkie Collins,1872
My Bondage and My Freedom,Frederick Douglass,1855
The Red Fairy Book,Andrew Lang,1890
The Mystery of the Yellow Room,Gaston Leroux,1908
The Red House Mystery,A.A. Milne,1922
The Expedition of Humphry Clinker,Tobias Smollett,1771
Aurora Floyd,Mary Elizabeth Braddon,1863
Can You Forgive Her?,Anthony Trollope,1865
Belinda,Maria Edgeworth,1801
Melmoth the Wanderer,Charles Robert Maturin,1820
For the School Colours,Angela Brazil,1918
At Boarding School With the Tucker Twins,Nell Speed,1915
Molly Brown's Freshman Days,Nell Speed,1912
"Betty Wales, Freshman",Margaret Warde,1904
Patty's Summer Days,Carolyn Wells,1906
Patty at Home,Carolyn Wells,1902
Patty's Friends,Carolyn Wells,1908
His Last Bow,Arthur Conan Doyle,1917
The Adventure of the Cardboard Box,Arthur Conan Doyle,1892
Lord Loveland Discovers America,C.N. Williamson,1908
Olive,Dinah Maria Mulock Craik,2000
Anthem,Ayn Rand,1938
Pollyanna,Eleanor H. Porter,1912
Looking Backward: 2000-1887,Edward Bellamy,1888
The Warlord of Mars,Edgar Rice Burroughs,1914
The Strange Case of Dr. Jekyll and Mr. Hyde and Other Tales of Terror,Robert Louis Stevenson,1886
The Law and the Lady,Wilkie Collins,1875
The Admirable Crichton,J.M. Barrie,1902
The Merry Adventures of Robin Hood,Howard Pyle,1883
Erewhon,Samuel Butler,1872
"Tom Sawyer, Detective",Mark Twain,1896
The Tale of Jemima Puddle-Duck,Beatrix Potter,1908
The Tale of Johnny Town-Mouse,Beatrix Potter,1918
The Tale of Ginger and Pickles,Beatrix Potter,1909
The Tale of Benjamin Bunny,Beatrix Potter,1904
A House-Boat on the Styx,John Kendrick Bangs,1895
The Mysterious Island,Jules Verne,1874
1984,George Orwell,1949
Buddenbrooks: The Decline of a Family,Thomas Mann,1901
Ozma of Oz,L. Frank Baum,1907
2BR02B,Kurt Vonnegut,1962
Once on a Time,A.A. Milne,1917
Elective Affinities,Johann Wolfgang von Goethe,1809
The White Company,Arthur Conan Doyle,1891
The Bride of the Tomb & Queenie's Terrible Secret,Mrs. Alex. McVeigh Miller,1883
Little Golden's Daughter,Mrs. Alex. McVeigh Miller,1901
Lorna Doone,R.D. Blackmore,1869
Little Dorrit,Charles Dickens,1855
Home of the Gentry,Ivan Turgenev,1859
The Napoleon of Notting Hill,G.K. Chesterton,1904
The Door in the Wall and Other Stories,H.G. Wells,1911
The Light Princess,George MacDonald,1864
A Dreadful Temptation,Mrs. Alex. McVeigh Miller,1883
"Kathleen's Diamonds, or, She loved a handsome actor",Mrs. Alex. McVeigh Miller,1891
Figures of Earth,James Branch Cabell,2004
We,Yevgeny Zamyatin,1924
The Old Peabody Pew: A Christmas Romance of a Country Church,Kate Douglas Wiggin,1907
The Little Hunchback Zia,Frances Hodgson Burnett,1916
All Things Considered,G.K. Chesterton,1908
The Girl Warriors: A Book for Girls,Adene Williams,1901
O Pioneers!,Willa Cather,1913
The Sea Wolf,Jack London,1904
The People of the Mist,H. Rider Haggard,1894
The Quest of the Sacred Slipper,Sax Rohmer,1914
The Hand of Ethelberta,Thomas Hardy,1876
"The Grey Woman, And Other Tales",Elizabeth Gaskell,-1
Moonfleet,John Meade Falkner,1898
The Frozen Deep,Wilkie Collins,1874
The Rime of the Ancient Mariner,Samuel Taylor Coleridge,1798
The Shuttle,Frances Hodgson Burnett,1906
The Agony Column,Earl Derr Biggers,1916
Blackthorn Farm,Arthur Applin,1915
"Patricia Brent, Spinster",Herbert Jenkins,1918
The Fall of the House of Usher,Edgar Allan Poe,1839
Rip Van Winkle,Washington Irving,1819
Daisy Miller,Henry James,1878
The Minister's Black Veil,Nathaniel Hawthorne,1836
The Odd Women,George Gissing,1893
The Nun,Denis Diderot,1796
The Purple Cloud (Frontiers of Imagination),M.P. Shiel,1901
The Professor,Charlotte Brontë,1857
The Tale of Mr. Tod,Beatrix Potter,1912
Romeo and Juliet,William Shakespeare,1597
The Canterbury Tales,Geoffrey Chaucer,1390
Grimm Tales Made Gay,Guy Wetmore Carryl,1902
The Tunnel Under the World,Frederik Pohl,1955
Little Fuzzy,H. Beam Piper,1962
Père Goriot,Honoré de Balzac,1834
Bab: A Sub-Deb,Mary Roberts Rinehart,1916
The Marvelous Land of Oz,L. Frank Baum,1904
Alice Adams,Booth Tarkington,1921
Deathworld 1,Harry Harrison,1960
The Good Soldier,Ford Madox Ford,1915
De Profundis,Oscar Wilde,1905
Beowulf,Unknown,975
American Notes For General Circulation,Charles Dickens,1842
Set in Silver,C.N. Williamson,1909
The Coral Island,R.M. Ballantyne,1857
Planet of the Damned,Harry Harrison,1962
A House to Let,Charles Dickens,1858
Poor Miss Finch,Wilkie Collins,1872
My Bondage and My Freedom,Frederick Douglass,1855
The Red Fairy Book,Andrew Lang,1890
The Mystery of the Yellow Room,Gaston Leroux,1908
The Red House Mystery,A.A. Milne,1922
The Expedition of Humphry Clinker,Tobias Smollett,1771
Aurora Floyd,Mary Elizabeth Braddon,1863
Can You Forgive Her?,Anthony Trollope,1865
Belinda,Maria Edgeworth,1801
Melmoth the Wanderer,Charles Robert Maturin,1820
For the School Colours,Angela Brazil,1918
At Boarding School With the Tucker Twins,Nell Speed,1915
Molly Brown's Freshman Days,Nell Speed,1912
"Betty Wales, Freshman",Margaret Warde,1904
Patty's Summer Days,Carolyn Wells,1906
Patty at Home,Carolyn Wells,1902
Patty's Friends,Carolyn Wells,1908
His Last Bow,Arthur Conan Doyle,1917
The Adventure of the Cardboard Box,Arthur Conan Doyle,1892
Lord Loveland Discovers America,C.N. Williamson,1908
Olive,Dinah Maria Mulock Craik,2000
Anthem,Ayn Rand,1938
Pollyanna,Eleanor H. Porter,1912
Looking Backward: 2000-1887,Edward Bellamy,1888
The Warlord of Mars,Edgar Rice Burroughs,1914
The Strange Case of Dr. Jekyll and Mr. Hyde and Other Tales of Terror,Robert Louis Stevenson,1886
The Law and the Lady,Wilkie Collins,1875
The Admirable Crichton,J.M. Barrie,1902
The Merry Adventures of Robin Hood,Howard Pyle,1883
Erewhon,Samuel Butler,1872
"Tom Sawyer, Detective",Mark Twain,1896
The Tale of Jemima Puddle-Duck,Beatrix Potter,1908
The Tale of Johnny Town-Mouse,Beatrix Potter,1918
The Tale of Ginger and Pickles,Beatrix Potter,1909
The Tale of Benjamin Bunny,Beatrix Potter,1904
A House-Boat on the Styx,John Kendrick Bangs,1895
The Mysterious Island,Jules Verne,1874
1984,George Orwell,1949
Buddenbrooks: The Decline of a Family,Thomas Mann,1901
Ozma of Oz,L. Frank Baum,1907
2BR02B,Kurt Vonnegut,1962
Once on a Time,A.A. Milne,1917
The Princess and the Goblin,George MacDonald,1872
At the Back of the North Wind,George MacDonald,1871
The Castle of Otranto,Horace Walpole,1764
Dr. Faustus,Christopher Marlowe,1604
A Doll's House,Henrik Ibsen,1879
The Emerald City of Oz,L. Frank Baum,1910
Dorothy and the Wizard in Oz,L. Frank Baum,1908
The Dawn of a To-Morrow,Frances Hodgson Burnett,1905
Aunt Jane's Nieces,Edith Van Dyne,1906
The Racketty-Packetty House,Frances Hodgson Burnett,1906
The Land of the Blue Flower,Frances Hodgson Burnett,1908
The Romance of a Christmas Card,Kate Douglas Wiggin,1916
Queen Lucia,E.F. Benson,1920
Uneasy Money,P.G. Wodehouse,-1
The Worst Journey in the World,Apsley Cherry-Garrard,1922
The Adventures of Sally,P.G. Wodehouse,1922
Indiscretions of Archie,P.G. Wodehouse,1921
The Man Upstairs and Other Stories,P.G. Wodehouse,1914
Prometheus Bound and Seven Against Thebes,Aeschylus,1897
Riders of the Purple Sage,Zane Grey,1912
Holy Bible: King James Version,Anonymous,2008
Growth of the Soil,Knut Hamsun,1917
Forbidden Fruit: Luscious and Exciting story and More Forbidden Fruit,Anonymous,1898
Joan of Arc,Mark Twain,1896
Lilith,George MacDonald,1895
The House of the Seven Gables,Nathaniel Hawthorne,1851
Collected Poems And Plays (Collected Works Of John Masefield 2 Volumes),John Masefield,2000
Three Lives,Gertrude Stein,2011
The Making of Americans,Gertrude Stein,1925
You Can't Go Home Again,Thomas Wolfe,1940
The Life and Death of Harriett Frean,May Sinclair,1922
The American Frugal Housewife: Dedicated to Those Who Are Not Ashamed of Economy,Lydia Maria Francis Child,1833
Ten Days in a Mad-House,Nellie Bly,1887
"The Rover Boys on the Ocean; or, A Chase for a Fortune",Arthur M. Winfield,1899
Further Arguments in Support of Yudah Cohen’s Proposal to Bluma Zilberman,Rebecca Fraimow,-1
Swift & Company's The Kitchen Encyclopedia,Swift and Company,2017
Rothschild's Fiddle,Anton Chekhov,1917
שני אנטישמים,שלום עליכם,1905
"A Narrative of the Life and Adventures of Venture: A Native of Africa, But Resident Above Sixty Years in the United States of America. Related by Himself",Venture Smith,2017
Woodcraft and Camping,George Washington Sears,1963
Memoirs of Extraordinary Popular Delusions and the Madness of Crowds,Charles Mackay,2017
La Bête humaine,Émile Zola,1890
The Illustrated Alphabet of Birds,Unknown,2004
"American Cookery: The Art of Dressing Viands, Fish, Poultry, and Vegetables",Amelia Simmons,1796
The Rocking Horse Winner (Travelman Classics),D.H. Lawrence,1926
Old Mother West Wind,Thornton W. Burgess,1910
Among the Meadow People,Clara Dillingham Pierson,2005
Poems - Victor Hugo,Victor Hugo,2017
"The Notebooks of Leonardo da Vinci, Complete",Leonardo da Vinci,1938
The Complete Works of Mary Shelley,Mary Wollstonecraft Shelley,1996
Ramayana,Vālmīki,400
Personal Memoirs,Ulysses S. Grant,1885
Maggie: A Girl of the Streets,Stephen Crane,1892
Confessions of an English Opium Eater,Thomas de Quincey,1821
The Art of Money Getting: Golden Rules for Making Money,P.T. Barnum,1880
The Red Record,Ida B. Wells-Barnett,1895
Enchiridion,Epictetus,125
Der Struwwelpeter,Heinrich Hoffmann,1845
Idle Hours in a Library,William Henry Hudson,1897
What a Girl Can Make and Do,Lina Beard,1902
The Progress of Invention in the Nineteenth Century,Edward W. Byrn,1900
"The Wasteland, Prufrock and Other Poems",T.S. Eliot,1922
Ecce Homo/The Antichrist,Friedrich Nietzsche,1888
Venus in Furs,Leopold von Sacher-Masoch,1870
Florante at Laura,Francisco Balagtas,1861
Plays by Susan Glaspell,Susan Glaspell,1987
The Complete Fairy Tales,Hans Christian Andersen,1835
Uncle Vanya,Anton Chekhov,1897
Confessions of a Thug,Philip Meadows Taylor,1839
Twelve Years a Slave,Solomon Northup,1853
The World as Will and Idea: Abridged in 1 Vol,Arthur Schopenhauer,1819
Collected Stories of Guy De Maupassant,Guy de Maupassant,1927
The Red Room and Other Stories,H.G. Wells,2000
The Decline and Fall of the Roman Empire,Edward Gibbon,1776
Democracy and Education,John Dewey,1916
The Problems of Philosophy,Bertrand Russell,1912
History of the Peloponnesian War,Thucydides,411
El Filibusterismo,José Rizal,1891
Essays and Poems,Ralph Waldo Emerson,1856
Anti-Federalist Papers (1787-1789),Founding Fathers,2004
Common Sense,Thomas Paine,1776
The Souls of Black Folk,W.E.B. Du Bois,1903
Noli Me Tángere,José Rizal,1887
Bliss,Katherine Mansfield,1918
"Memoirs of Benjamin Franklin; Written by Himself, Volume II (of 2) With his Most Interesting Essays, Letters, and Miscellaneous Writings; Familiar, Moral, ... and Valuable to the General Reader",Benjamin Franklin,2012
The Light Princess and Other Fairy Stories,George MacDonald,1864
Extracts from Adam's Diary/Eve's Diary,Mark Twain,1906
Third class in Indian railways,Mahatma Gandhi,1917
The Winter's Tale,William Shakespeare,1611
The Weird Orient; Nine Mystic Tales from Morocco,Henry Iliowizi,1900
The Song of Roland,Unknown,1100
Police Operation,H. Beam Piper,1948
American Fairy Tales,L. Frank Baum,1901
Fuzzy Sapiens,H. Beam Piper,1964
The Skylark of Space,"E.E. ""Doc"" Smith",1928
The Complete Tales,Beatrix Potter,1986
The Happy Prince,Oscar Wilde,1888
The Necklace and Other Stories: Maupassant for Modern Times,Guy de Maupassant,1884
Aaron's Rod,D.H. Lawrence,1922
Platero y yo,Juan Ramón Jiménez,1914
The Fox,D.H. Lawrence,1923
The Thirty-Nine Steps / Greenmantle,John Buchan,1915
The Fall of the House of Usher and Other Tales,Edgar Allan Poe,1960
Emile or On Education,Jean-Jacques Rousseau,1762
Parade's End,Ford Madox Ford,1928
The Charwoman's Daughter,James Stephens,1912
Oroonoko,Aphra Behn,1688
Nostromo,Joseph Conrad,1904
Quo Vadis,Henryk Sienkiewicz,1895
The Purloined Letter,Edgar Allan Poe,1844
Amok and Other Stories,Stefan Zweig,1922
The Annals of Imperial Rome,Tacitus,116
The Oedipus Cycle: Oedipus Rex/Oedipus at Colonus/Antigone,Sophocles,450
The Golden Bough,James George Frazer,1890
Peanut: The Story of a Boy (Classic Reprint),Albert Bigelow Paine,2018
Patty in the City,Carolyn Wells,1905
Patty's Pleasure Trip,Carolyn Wells,2008
Patty in Paris,Carolyn Wells,1907
The Letters and Works of Lady Mary Wortley Montagu;,Mary Wortley Montagu,2006
King Arthur and His Knights: Selected Tales,Thomas Malory,1860
Arthurian Romances,Chrétien de Troyes,1190
The Mabinogion,Unknown,1410
The First William Morris Omnibus: The House of the Wolflings; The Well at the World's End; Wood Beyond the World,William Morris,2004
The Well at the World's End,William Morris,1896
Bone to His Bone: The Stoneground Ghost Tales of E.G. Swain,E.G. Swain,1989
The Analects,Confucius,429
"The Dragon and the Raven, or, The Days of King Alfred",G.A. Henty,1885
The Origin of Species,Charles Darwin,1858
King Harald's Saga,Snorri Sturluson,1230
News from Nowhere,William Morris,1890
The Defendant,G.K. Chesterton,1901
The Railway Children,E. Nesbit,1906
I Dyreskind: Fortaelling Fra Finmarken (1906),Matti Aikio,2010
Eccentricities of the Animal Creation,John Timbs,2003
A Pirate of the Caribbees,Harry Collingwood,2007
Curious Creatures in Zoology: Illustrated Legends and Myths from Around the World,John Ashton,2018
Harmaja linna,Juho Koskimaa,1921
Ihmisruumiin substanssi suomalais-ugrilaisten kansojen taikuudessa : taikapsykologinen tutkimus,Albert Hämäläinen,1920
Kuuden vuosikymmenen ajoilta: Muistelmia Suomesta,August Schauman,1901
Muinaisten suomalaisten pakanalliset epäjumalat,Gustaf Erik Eurén,1858
Pikakuvia 1867 Katovuodesta Ja Sen Seurauksista,Pietari Paivarinta,2016
Vääpeli Lemminkäisen päiväkirja: Suomen kaartin retkestä Konstantinopolin muurien edustalle vuosina 1877-1878,Janne Jernvall,1881
Tiedot suomen-suwun muinaisuudesta,Yrjö Sakari Yrjö-Koskinen,1862
Suomenlahden salaisuus,K. A. Tavastjerna,1918
Fictitious & Symbolic Creatures in Art,John Vinycomb,2012
A Room of One's Own,Virginia Woolf,1929
Second Thoughts Of An Idle Fellow,Jerome K. Jerome,1898
"Quaker Arrivals at Philadelphia, 1682-1750; Being a List of Certificates of Removal Received at Philadelphia Monthly Meeting of Friends",Albert Cook Myers,2009
"The defence of Warner Mifflin against aspersions cast on him on account of his endeavors to promote righteousness, mercy and peace, among mankind.",Warner Mifflin,1796
White Nights,Fyodor Dostoyevsky,1848
Seven Commentaries on an Imperfect Land,Ruthanna Emrys,2014
Avi Cantor Has Six Months to Live,Sacha Lamb,2017
Three Partitions,Bogi Takács,2014
The Lone Star Ranger,Zane Grey,1914
Edward II,Christopher Marlowe,1598
The Motor Car Dumpy Book The Dumpy Books for Children #32,Thomas William Hodgson Crosland,1904
The Dumpy Books for Children: No. 7. a Flower Book,Eden Coybee,1901
The Complete Poems of Paul Laurence Dunbar [Illustrated],Paul Laurence Dunbar,-1
The Soul Bird,Michal Snunit,1985
The Captain of the Pole-Star (Fantasy and Horror Classics),Arthur Conan Doyle,1890
Tales of Wonder,Lord Dunsany,2010
Major Barbara,George Bernard Shaw,1905
Great Ghost Stories,Joseph Lewis French,1918
"Tish by Mary Roberts Rinehart, Fiction",Mary Roberts Rinehart,1916
The Marble Faun,Nathaniel Hawthorne,1860
Chitra - A Play in One Act,Rabindranath Tagore,1892
The Unknown a Play in Three Acts,W. Somerset Maugham,2015
The Carved Lions,Mary Louisa Molesworth,1895
Curious Myths of the Middle Ages,Sabine Baring-Gould,1868
Fairy Tales from Gold Lands,May Wentworth Newman,2013
"Look Homeward, Angel",Thomas Wolfe,1929
Something Fresh,P.G. Wodehouse,1915
The Big Four,Agatha Christie,1927
The Mystery of the Blue Train,Agatha Christie,1928
"Schools, School-Books and Schoolmasters; A Contribution to the History of Educational Development in Great Britain",William Carew Hazlitt,2015
Folk Tales of Breffny,Bampton Hunt,2015
Jungle Peace,C. William Beebe,1918
The Carmina of Caius Valerius Catullus (Translated and Annotated),Caius Valerius Catullus,2016
Cousin Phyllis,Elizabeth Gaskell,1864
The Soul of Man Under Socialism,Oscar Wilde,1891
Political Ideals,Bertrand Russell,1917
The Age of Reason,Thomas Paine,1794
The Adventure of the Illustrious Client,Arthur Conan Doyle,1924
Old Greek Stories,James  Baldwin,1895
Deathworld 2,Harry Harrison,1963
The Buddhist Catechism,Henry Steel Olcott,1881
Enuma Elish: The Seven Tablets of the History of Creation,Unknown,1126
How to Live on 24 Hours a Day,Arnold Bennett,1908
Literary Taste,Arnold Bennett,1909
Cottage Economy,William Cobbett,1823
Strait is the Gate,André Gide,1909
The Hunting of the Snark,Lewis Carroll,1876
A Wonder-Book for Girls and Boys,Nathaniel Hawthorne,1852
Tanglewood Tales: A Wonder-Book for Girls and Boys,Nathaniel Hawthorne,1851
Lest We Forget World War Stories,John Gilbert Thompson,2008
Mrs Craddock,W. Somerset Maugham,1902
The Open Window (Simplified for Modern Readers Series),Saki,2014
Tom Swift Among the Fire Fighters,Victor Appleton,1921
Tom Swift And His Undersea Search,Victor Appleton,1920
The Clue of the Twisted Candle,Edgar Wallace,1916
The King's Daughter and Other Stories for Girls,Various,1910
Twice-Told Tales,Nathaniel Hawthorne,1837
Lord Arthur Savile's Crime and Other Stories,Oscar Wilde,1891
Twenty Years After,Alexandre Dumas,1845
Anne of the Island,L.M. Montgomery,1915
The Forest,Stewart Edward White,2012
The Native's Return: An American Immigrant Visits Yugoslavia and Discovers His Old Country,Louis Adamic,1934
Mightier than the Sword: A Classic English Fiction Novel,Alphonse Courlander,2015
Scottish Ghost Stories,Elliott O'Donnell,1911
Arts and Crafts Essays,Members of Members of the Arts and Crafts Exhibiti,2009
Mearing Stones Leaves from my Note-Book on Tramp in Donegal,Joseph      Campbell,2009
Old Cookery Books and Ancient Cuisine,William Carew Hazlitt,1902
Preface to a Dictionary of the English Language,Samuel Johnson,2004
Alarms and Discursions,G.K. Chesterton,1911
Tremendous Trifles,G.K. Chesterton,1909
Medieval People,Eileen Power,1924
Autobiography of a Yogi,Paramahansa Yogananda,1946
The Love Song of J. Alfred Prufrock and Other Poems,T.S. Eliot,1917
The Blue Hotel,Stephen Crane,1898
Jane Talbot (Revised Edition),Charles Brockden Brown,2007
Casting the Runes (Fantasy and Horror Classics),M.R. James,1911
The Deserted House,E.T.A. Hoffmann,1817
Man and Superman,George Bernard Shaw,1903
The Country Wife,William Wycherley,1675
Japanese girls and women,Alice Mabel Bacon,1975
Botchan,Natsume Sōseki,1906
Ten Days that Shook the World,John   Reed,1919
Lysistrata,Aristophanes,411
The Brown Fairy Book,Andrew Lang,1904
"The Goddess Of Atvatabar; Being The History Of The Discovery Of The Interior World, And Conquest Of Atvatabar",William Richard Bradshaw,1891
Beatrix Potter's Nursery Rhyme Book,Beatrix Potter,1984
The Tale of the Pie and the Patty-Pan,Beatrix Potter,1905
"The Tale of Samuel Whiskers, or The Roly-Poly Pudding",Beatrix Potter,1908
Maxims,François de La Rochefoucauld,1665
The Square of Sevens An Authoritative Method of Cartomancy with a Prefatory Note,Edward Prime-Stevenson,2011
A General History of the Pyrates,Daniel Defoe,1724
Twenty Drawings,Kahlil Gibran,1974
The Immoralist,André Gide,1901
Fear and Trembling,Søren Kierkegaard,1843
مایده‌های زمینی,André Gide,1897
Real Folks,A.D.T. Whitney,1871
"Lulu's Library, Volume 1 of 3",Louisa May Alcott,2011
The Lady of Shalott,Alfred Tennyson,1833
Why They Married,James Montgomery Flagg,1906
The Saga of the Volsungs,Anonymous,1290
"The Sin of Monsieur Pettipon, and Other Humorous Tales",Richard Connell,1977
The Trojan Women,Euripides,450
MR Punch's Animal Land,E.T. Reed,2015
Rewards and Fairies,Rudyard Kipling,1910
The Golden Key,George MacDonald,1867
The War of the Roses,John G. Edgar,1863
Red Nails,Robert E. Howard,1936
Lulu's Library,Louisa May Alcott,1886
Phèdre,Jean Racine,1676
The Food of the Gods,H.G. Wells,1904
Astounding Stories of Super-Science January 1931,Harry Bates,2011
Dwellers in the Mirage,Abraham Grace Merritt,1932
"Lessons in the Art of Illuminating - A Series of Examples Selected from Works in the British - Museum, Lambeth Palace Library, and the South Kensingto",W.J. Loftie,2012
The King of Schnorrers,Israel Zangwill,1894
My Lady Greensleeves,Frederik Pohl,1957
Plague of Pythons,Frederik Pohl,1965
Survival Kit,Frederik Pohl,1979
Wolfbane,Frederik Pohl,1957
Burning Sands,Arthur Weigall,2011
The Spoilers,Rex Beach,1905
Back to God's Country,James Oliver Curwood,1920
The Covered Wagon,Emerson Hough,2008
The Last Days of Pompeii,Edward Bulwer-Lytton,1834
Bardelys the Magnificent,Rafael Sabatini,1905
The Senator's Favorite,Mrs. Alex. McVeigh Miller,1897
Arrowsmith,Sinclair Lewis,1925
Emma,Charlotte Brontë,1860
The Birth of Tragedy,Friedrich Nietzsche,1871
Night and Day,Virginia Woolf,1919
City of God,Augustine of Hippo,426
Anne's House of Dreams,L.M. Montgomery,1917
Blackboard Drawing,Frederick Whitney,2011
Sylvie and Bruno Concluded,Lewis Carroll,1893
Mother Goose for Grown Folks,A.D.T. Whitney,2008
Burmese Days,George Orwell,1934
The Wooing of Calvin Parks,Laura Elizabeth Richards,1908
Anne of Windy Poplars,L.M. Montgomery,1936
Blood Brothers (a Medic's Sketch Book),Eugene C. Jacobs,2006
Conquest of Granada,Washington Irving,1829
Ten Years Later,Alexandre Dumas,1847
What Jesus Taught,Osborne John Peter Widtsoe,2016
Miracles and Supernatural Religion,James Morris Whiton,2000
"Astounding Stories, April, 1931",Various,2010
"Astounding Stories, February, 1931",Harry Bates,2009
The Anti-Christ,Friedrich Nietzsche,1888
Astounding Stories: May 1931,Douglas M. Dold,1931
Six Months in Mexico,Nellie Bly,2010
"Dawn O'Hara, the Girl Who Laughed by Edna Ferber, Fiction, Classics, Literary",Edna Ferber,1911
Alexander the Great,Jacob Abbott,1849
Famous Men of the Middle Ages,John Henry Haaren,1904
Histoires Insolites,Villiers de L'Isle-Adam,1888
Unknown to History: The Captivity of Mary of Scotland,Charlotte Mary Yonge,1882
Secrets Of The Woods,William Joseph Long,1899
The Children of the New Forest,Frederick Marryat,1847
"The Heroes, or, Greek Fairy Tales for My Children",Charles Kingsley,1855
English Fairy Tales,Joseph Jacobs,1890
The Little Duke,Charlotte Mary Yonge,1854
The Burgess Bird Book for Children,Thornton W. Burgess,1919
The King of the Golden River,John Ruskin,1851
Tales from Shakespeare,Charles Lamb,1899
Viking Tales,Jennie Hall,1902
The Boy Scouts Book Of Campfire Stories,Franklin K. Mathiews,1921
Complete Original Short Stories of Guy De Maupassant,Guy de Maupassant,1911
Die Räuber,Friedrich Schiller,1781
Nathan der Weise,Gotthold Ephraim Lessing,1779
Die Judenbuche,Annette von Droste-Hülshoff,1842
L'Oeuvre du Comte de Mirabeau,Honoré-Gabriel Riqueti de Mirabeau,1921
Der Sandmann,E.T.A. Hoffmann,1816
Regrets sur ma vieille robe de chambre,Denis Diderot,1769
La Pantoufle de Sapho,Leopold von Sacher-Masoch,1859
The Book of Masks (1921),Rémy de Gourmont,1896
One of Cleopatra's Nights: And Other Fantastic Romances,Théophile Gautier,1992
J.-K. Huysmans et le Satanisme,Joanny Bricaud,1913
Infernaliana,Charles Nodier,1822
Escal-Vigor,Georges Eekhoud,1899
Tomorrow's Eve,Villiers de L'Isle-Adam,1886
La Place Royale,Pierre Corneille,1634
Exemplary Stories,Miguel de Cervantes Saavedra,1613
Bruges-La-Morte,Georges Rodenbach,1892
Poems by T. S. Eliot,T.S. Eliot,1919
Esther Waters,George Moore,2001
From Dartmouth to the Dardanelles,Wolstan Beaumont Charles Weld Forester,1916
True Stories of Girl Heroines,Evelyn Everett-Green,2009
The Planet Savers,Marion Zimmer Bradley,1976
Falcons of Narabedla,Marion Zimmer Bradley,1957
I Say No,Wilkie Collins,1884
Much Ado About Nothing,William Shakespeare,1598
The Man of Feeling,Henry MacKenzie,1771
A Leaf In The Storm: And Other Stories,Ouida,2006
The Independence of Claire,Mrs. George de Horne Vaizey,1915
The Sickness Unto Death: A Christian Psychological Exposition for Upbuilding and Awakening,Søren Kierkegaard,1849
Ramona,Helen Hunt Jackson,2002
The Queen Bee,Edna L. Lee,1949
The Early Life and Adventures of Sylvia Scarlett,Compton Mackenzie,1918
The Mountain School-Teacher,Melville Davisson Post,2013
Philo Gubb: Correspondence-School Detective,Ellis Parker Butler,1918
Sunshine Sketches of a Little Town,Stephen Leacock,1912
The Wisdom of Fools,Margaret Deland,2005
The Moon Endureth: Tales and Fancies,John Buchan,1912
Sanditon,Jane Austen,1817
The Day of the Beast,Zane Grey,1922
Rootabaga Stories,Carl Sandburg,1922
El amor de Erika Ewald,Stefan Zweig,1904
The Queen of Hearts,Wilkie Collins,1859
Embarrassments,Henry James,1896
Orlando Furioso,Ludovico Ariosto,1516
Blind Love,Wilkie Collins,1890
Basil,Wilkie Collins,1852
Two on a Tower,Thomas Hardy,1882
Effi Briest,Theodor Fontane,1894
Journey to the West (4-Volume Boxed Set),Wu Cheng'en,1592
Twenty-Five Ghost Stories,W. Bob Holland,1950
The Touchstone,Edith Wharton,1900
Idle Thoughts of an Idle Fellow,Jerome K. Jerome,1886
The Tale of Squirrel Nutkin,Beatrix Potter,1903
The Golden Age,Kenneth Grahame,1895
Abbotsford and Newstead Abbey,Washington Irving,1835
Kokoro,Natsume Sōseki,1914
The Woodlanders,Thomas Hardy,1887
Grace Harlowe's Plebe Year at High School: The Merry Doings of the Oakdale Freshmen Girls,Jessie Graham Flower,1910
A College Girl,Mrs. George de Horne Vaizey,1913
The Diary of a Freshman,Charles Macomb Flandrau,2007
The Nicest Girl in the School,Angela Brazil,1909
Sarah's School Friend,May Baldwin,1910
Grace Harlowe's First Year at Overton College,Jessie Graham Flower,1914
Helen Grant's Schooldays,Amanda M. Douglas,1903
A World of Girls: The Story of a School,L.T. Meade,1886
A Sweet Girl Graduate,L.T. Meade,1891
The Waste Land,T.S. Eliot,1922
"Piru : Historiallinen katsaus pirun alkuperään, elämään ja toimintaan",Johannes Rahamägi,1912
Maailman loppu : romaani ankarasta elämästä avaruudessa,Johannes Karma,1921
Bo-Peep Story Books,Clara de Chatelain,1870
Her Ladyship's Elephant,David Dwight Wells,1898
Old-Fashioned Fairy Tales,Juliana Horatia Ewing,1882
The Silver Crown: Another Book of Fables,Laura Elizabeth Richards,1906
The Kalevala,Elias Lönnrot,1835
The Tale of Tom Kitten,Beatrix Potter,1907
The Tale of Two Bad Mice,Beatrix Potter,1904
The Tale of Mrs. Tittlemouse,Beatrix Potter,1910
The Story of A Fierce Bad Rabbit,Beatrix Potter,1906
The Tale of the Flopsy Bunnies,Beatrix Potter,1909
"The Piazza Tales by Herman Melville, Fiction, Classics, Literary",Herman Melville,1856
Adonais,Percy Bysshe Shelley,1971
Alice's Adventures in Wonderland,Lewis Carroll,1865
"An Annapolis Plebe (Robert Drake, #1)",Edward L. Beach,1907
The Life of William Carey,George         Smith,1885
In the Days of Giants,Abbie Farwell Brown,1902
Behind the Green Door,Mildred A. Wirt,1940
"Tom Swift and His Motor-Cycle, or, Fun and Adventures on the Road",Victor Appleton,1910
Danger at the Drawbridge,Mildred A. Wirt,1940
The Wishing Well,Mildred A. Wirt,1942
The Clock Strikes Thirteen,Mildred A. Wirt,1942
Clue of the Silken Ladder,Mildred A. Wirt,1941
The Flower Princess,Abbie Farwell Brown,1904
Candida,George Bernard Shaw,1934
The Senator's Bride,Mrs. Alex. McVeigh Miller,1897
The Raven,Edgar Allan Poe,1844
Israel Potter,Herman Melville,1855
Outwitting the Hun: My Escape from a German Prison Camp,Pat O'Brien,1918
White Fang,Jack London,1906
"Clotel: or, The President's Daughter",William Wells Brown,1853
Bouvard and Pecuchet,Gustave Flaubert,1881
"The History of Henry Esmond, Esq.",William Makepeace Thackeray,1852
The Voyage Out,Virginia Woolf,1915
The Last Stroke,Lawrence L. Lynch,2011
What Is Man?,Mark Twain,1905
Tractatus Logico-Philosophicus,Ludwig Wittgenstein,1921
Leonardo's Notebooks,Leonardo da Vinci,1519
Le neveu de Rameau,Denis Diderot,1769
Grimm's Fairy Tales,Jacob Grimm,1857
The Confidence-Man,Herman Melville,1857
The Absurd ABC,Walter Crane,2005
The Tragedy of the Korosko,Arthur Conan Doyle,1898
The Fairy-Faith in Celtic Countries,W.Y. Evans-Wentz,1903
Fifty-One Tales,Lord Dunsany,1915
Some Experiences of an Irish R.M.,Edith Somerville,1899
"Memoirs of Margaret Fuller Ossoli, Volume I",Margaret Fuller,2007
Christmas Roses and Other Stories,Anne Douglas Sedgwick,1920
"At Home And Abroad Or, Things And Thoughts In America and Europe",Margaret Fuller,1860
Goody Two-Shoes,Anonymous,1765
"Memoirs of Margaret Fuller Ossoli, Volume II",Margaret Fuller,1899
The Book of the Damned,Charles Fort,1919
Tante (The Best Sellers of 1912),Anne Douglas Sedgwick,2000
The Holly-Tree,Charles Dickens,2012
Max Havelaar: Or the Coffee Auctions of the Dutch Trading Company,Multatuli,1860
Joseph Andrews,Henry Fielding,1742
"Don't Marry; or, Advice as to How, When and Who to Marry",James W. Donovan,1890
The Sleeping Beauty and Other Fairy Tales from the Old French,Arthur Quiller-Couch,1910
My Trip Abroad,Charlie Chaplin,1922
The Forsaken Inn,Anna Katharine Green,1889
The Sword Maker,Robert Barr,1910
The Night of the Trolls,Keith Laumer,2016
Phineas Finn,Anthony Trollope,1865
Christmas at Thompson Hall: A Mid-Victorian Christmas Tale,Anthony Trollope,1861
Mother,Maxim Gorky,1906
The Counterfeiters,André Gide,1925
The Complete Poems of Emily Dickinson,Emily Dickinson,1890
To the Lighthouse,Virginia Woolf,1927
Praise of Folly,Erasmus,1510
Contes,Jacob Grimm,1958
Frogs,Aristophanes,405
The Snows of Kilimanjaro and Other Stories,Ernest Hemingway,1938
DÆMONOLOGIE,KING JAMES the FIRST,2013
Der verzauberte Garten,E. Nesbit,1911
"Pierre: or, the Ambiguities",Herman Melville,1852
Language of Flowers,Kate Greenaway,1884
The Silent Barrier,Louis Tracy,1911
Tender Is the Night,F. Scott Fitzgerald,1934
THE MAGIC RING AND OTHER STORIES,Various,2015
"My Pretty Maid, or, Liane Lester",Mrs. Alex. McVeigh Miller,1899
An Enemy of the People,Henrik Ibsen,1882
Mathilda,Mary Wollstonecraft Shelley,1819
Here and Now: Story Book,Lucy Sprague Mitchell,1921
Coriolanus,William Shakespeare,1605
Saint Joan,George Bernard Shaw,1923
The Rape of the Lock,Alexander Pope,1717
Ghosts,Henrik Ibsen,1881
A Summer in Leslie Goldthwaite's Life,A.D.T. Whitney,2008
Kristin Lavransdatter,Sigrid Undset,1920
The Misanthrope,Molière,1666
The Women's War,Alexandre Dumas,1844
Jacques the Fatalist,Denis Diderot,1785
The History Of Sir Charles Grandison Bart,Samuel Richardson,1753
Vathek,William Beckford,1786
A Catalogue Of Play Equipment,Jean Lee Hunt,1918
Seven Who Were Hanged,Leonid Andreyev,1908
"The Poems of Emma Lazarus, Vol. II",Emma Lazarus,2007
"The Poems of Emma Lazarus, Vol. I",Emma Lazarus,2007
The Blazing World,Margaret Cavendish,1666
The Beggar's Opera,John Gay,1728
Red Harvest,Dashiell Hammett,1929
Leon Roch: A Romance - Volume 2,Benito Pérez Galdós,1878
The Waves,Virginia Woolf,1931
We Girls: A Home Story,A.D.T. Whitney,2004
A Little Housekeeping Book for a Little Girl,Caroline French Benton,2008
Leon Roch: A Romance - Volume 1,Benito Pérez Galdós,1878
The Uncalled A Novel,Paul Laurence Dunbar,1898
The Gods and Mr. Perrin; A Tragi-Comedy,Hugh Walpole,1911
Pan,Knut Hamsun,1894
Green Mansions,William Henry Hudson,1904
The Hidden Words,Bahá'u'lláh,1858
Mythical Monsters,Charles Gould,1886
The Prose Works of Jonathan Swift,Jonathan Swift,2010
Medea/Hippolytus/The Bacchae,Euripides,1963
The Metamorphoses of Ovid,"Riley, Henry T. (Henry Thomas)",2010
The Travels of Marco Polo,Milton Rugoff,1961
The Tale of Genji,Murasaki Shikibu,1008
Grief Lessons: Four Plays by Euripides,Euripides,2006
Shadows of Blue & Gray: The Civil War Writings of Ambrose Bierce,Ambrose Bierce,2002
Plato's Socrates,Thomas C. Brickhouse,1994
"Five Dialogues: Euthyphro, Apology, Crito, Meno, Phaedo",Plato,385
The Eclogues,Virgil,38
The Poems Of John Donne (Longman Annotated English Poets),John Donne,2010
Complete Poems: Charles Baudelaire,Charles Baudelaire,2007
The Poems of Jonathan Swift: Volumes I-III,Jonathan Swift,1958
Collected Poems of T.S. Eliot,T.S. Eliot,1936
"Boswell on the Grand Tour: Italy, Corsica and France 1765-1766",James Boswell,1955
The Poetical Works of George Crabbe (1888),George Crabbe,1977
History Of England Vol 8,Hilaire Belloc,2000
Civil War Poetry and Prose,Walt Whitman,1872
"The Journal of His German and Swiss Travels, 1764",James Boswell,1953
The Selected Poems,Li Bai,1996
Egmont a Tragedy in Five Acts,Johann Wolfgang von Goethe,1788
Selected Works,Johann Wolfgang von Goethe,1999
Selected Poems and Two Plays,W.B. Yeats,1962
Jane Austen's Letters,Jane Austen,1932
A Garland for Girls,Louisa May Alcott,1887
The Duchess of Malfi,John Webster,1614
The Subjection of Women,John Stuart Mill,1869
The Life/Against Apion,Flavius Josephus,1926
Mahabharata,C. Rajagopalachari,400
The Damned,Algernon Blackwood,1914
The Vampyre and Other Tales of the Macabre,John William Polidori,1819
Those Brewster Children (Classic Reprint),Florence Morse Kingsley,2015
The Complete Poems,Catullus,60
The Pirates Own Book Authentic Narratives of the Most Celebrated Sea Robbers,Charles Ellms,1837
ما الإنسان,Mark Twain,1917
"The Letters of Charles Dickens Vol. 3, 1836-1870",Charles Dickens,-1
"The Great English Short-Story Writers, Volume 1",Frank R. Stockton,2011
The Lock and Key Library Classic Mystery and Detective Stories: Old Time English,Charles Robert Maturin,2011
Mark Twain's Burlesque Autobiography,Mark Twain,2010
Pearl-Fishing Choice Stories from Dickens' Household Words,Charles Dickens,2013
Mark Twain's Own Autobiography: The Chapters from the North American Review,Mark Twain,1907
The Loving Ballad of Lord Bateman,Charles Dickens,2007
Alonzo Fitz and Other Stories,Mark Twain,2004
The Complete Letters of Mark Twain,Mark Twain,1975
The American Claimant,Mark Twain,1892
Charles Dickens' Children Stories,Charles Dickens,1900
"The Letters of Charles Dickens Vol. 1, 1833-1856",Charles Dickens,2008
Mrs. Lirriper's Legacy,Charles Dickens,1864
Tom Sawyer Abroad,Mark Twain,1894
Carnival of Crime (Spencer Library),Mark Twain,1877
"The Treaty with China, its Provisions Explained",Mark Twain,2010
Dickens' Stories About Children Every Child Can Read,Charles Dickens,2010
Miscellaneous Papers,Charles Dickens,2001
The Signalman,Charles Dickens,1866
"The Letters of Charles Dickens Vol. 2, 1857-1870",Charles Dickens,2008
A Budget of Christmas Tales by Charles Dickens and Others,Louis Klopsch,1895
Goldsmith's Friend Abroad Again,Mark Twain,2002
Master Humphrey's Clock,Charles Dickens,1997
Lords of the Housetops: Thirteen Cat Tales,Carl Van Vechten,1921
The Curious Republic of Gondour and Other Whimsical Sketches,Mark Twain,1919
Rambling Notes of an Idle Excursion,Mark Twain,1878
Fenimore Cooper's Literary Offenses,Mark Twain,1895
In Defence of Harriet Shelley,Mark Twain,2000
Perils of Certain English Prisoners,Charles Dickens,1857
Memoirs of Joseph Grimaldi (Pushkin Collection),Charles Dickens,1968
Sketches of Young Couples,Charles Dickens,1843
Dombey and Son,Charles Dickens,1848
Nicholas Nickleby,Charles Dickens,1839
The Seven Poor Travellers,Charles Dickens,1854
George Silverman's Explanation,Charles Dickens,1985
Going Into Society,Charles Dickens,1859
"Captain Boldheart and the Latin Grammar Master: A Holiday Romance from the Pen of Lieutenant Colonel Robin Redforth, Aged Nine (1912)",Charles Dickens,1867
Sketches of Young Gentlemen,Charles Dickens,1838
Those Extraordinary Twins,Mark Twain,1894
The Gilded Age,Mark Twain,1873
Is Shakespeare Dead?,Mark Twain,1908
"Extracts from Adam's Diary, translated from the original ms.",Mark Twain,1904
The Mudfog Papers (Pocket Classics),Charles Dickens,1837
The Mystery of Edwin Drood,Charles Dickens,1870
A Horse's Tale,Mark Twain,1907
Essays on Paul Bourget,Mark Twain,2000
Pictures from Italy,Charles Dickens,1846
A Message from the Sea,Charles Dickens,1998
Sketches by Boz,Charles Dickens,1836
The Haunted House,Charles Dickens,1859
1601: Conversation as it Was by the Social Fireside in the Time of the Tudors,Mark Twain,1880
Editorial Wild Oats,Mark Twain,1970
Doctor Marigold,Charles Dickens,1866
Barnaby Rudge,Charles Dickens,1841
The Lamplighter,Charles Dickens,2000
The Magic Fishbone,Charles Dickens,-1
Mugby Junction,Charles Dickens,1866
A Child's Dream of a Star,Charles Dickens,1850
Speeches,Mark Twain,1923
Extract from Captain Stormfield's Visit to Heaven (Literary Classics),Mark Twain,1909
The Lazy Tour Of Two Idle Apprentices,Charles Dickens,1857
The Stolen White Elephant,Mark Twain,1882
The Mysterious Stranger,Mark Twain,1916
Somebody's Luggage,Charles Dickens,1862
Speeches: Literary and Social,Charles Dickens,2004
How to Tell a Story and Other Essays,Mark Twain,1897
A Dog's Tale,Mark Twain,1904
Following the Equator: A Journey Around the World,Mark Twain,1897
"Sketches, New and Old",Mark Twain,1875
A Child's History of England,Charles Dickens,1854
Lesley Castle,Jane Austen,1793
The Consolation of Philosophy,Boethius,525
Volpone,Ben Jonson,1606
The Man Who Knew Too Much,G.K. Chesterton,1922
Civil Disobedience,Henry David Thoreau,1849
The Great Panjandrum Himself,Samuel Foote,1885
The Radetzky March,Joseph Roth,1932
The Amazing Interlude,Mary Roberts Rinehart,1918
Battle of the Monkey & the Crab,Anonymous,2008
Russia in 1919,Arthur Ransome,1919
"Tent Life in Siberia: An Incredible Account of Siberian Adventure, Travel, and Survival",George Kennan,1870
Dandelion Cottage,Carroll Watson Rankin,1904
An American Tragedy,Theodore Dreiser,1925
Fortunata and Jacinta,Benito Pérez Galdós,1887
The Celtic Twilight: Faerie and Folklore,W.B. Yeats,1893
Letters from Egypt,Lady Lucie Duff Gordon,2010
Barchester Towers,Anthony Trollope,1857
The Kiss / A Visit to Friends,Anton Chekhov,2005
Pragmatism: A New Name for Some Old Ways of Thinking,William James,1907
East o' the Sun and West o' the Moon,Peter Christen Asbjørnsen,1845
Raffles: Further Adventures of the Amateur Cracksman,E.W. Hornung,1901
Island Nights' Entertainments,Robert Louis Stevenson,1893
Rights of Man,Thomas Paine,1791
The Bacchae,Euripides,405
The Tin Woodman of Oz,L. Frank Baum,1918
The Patchwork Girl of Oz,L. Frank Baum,1913
Glinda of Oz,L. Frank Baum,1920
Roumanian Fairy Tales,Mite Kremnitz,1885
Lady Chatterley's Lover,D.H. Lawrence,1928
Second Treatise of Government,John Locke,1689
"Carnacki, the Ghost Finder",William Hope Hodgson,1913
Michael Kohlhaas,Heinrich von Kleist,1810
Les Fleurs du Mal,Charles Baudelaire,1857
Rappaccini's Daughter,Nathaniel Hawthorne,1844
Prometheus Bound,Aeschylus,480
Buttered Side Down: Short Stories,Edna Ferber,1912
The Three Sisters,Anton Chekhov,1900
The High Window,Raymond Chandler,1942
"Sentiment, Inc.",Poul Anderson,1953
Security,Poul Anderson,1953
"In a New World; Or, Among the Goldfields of Australia",Horatio Alger Jr.,1972
"The Unfortunate Traveller: Or, the Life of Jack Wilton",Thomas Nashe,1594
The Sensitive Man by,Poul Anderson,1954
The Upward Path; a Reader for Colored Children,Myron Thomas Pritchard,2010
Le Horla et autres nouvelles fantastiques,Guy de Maupassant,1887
Quite So,Thomas Bailey Aldrich,2011
The Mysterious Key and What It Opened,Louisa May Alcott,1867
Just So Stories,Rudyard Kipling,1902
The People of the Abyss,Jack London,1903
La vida es sueño,Pedro Calderón de la Barca,1636
"The Big Trip Up Yonder by Kurt Vonnegut, Science Fiction, Literary",Kurt Vonnegut,1954
The Eyes Have It,Philip K. Dick,1953
A Gentleman of France,Stanley J. Weyman,1893
The Complete Sherlock Holmes,Arthur Conan Doyle,1927
The Crock of Gold (Revised Edition),James Stephens,1912
Reveries of the Solitary Walker,Jean-Jacques Rousseau,1782
Le Cid,Pierre Corneille,1637
The Quest of the Silver Fleece,W.E.B. Du Bois,1911
Raggedy Andy Stories,Johnny Gruelle,1920
Raggedy Ann Stories,Johnny Gruelle,1918
Modern British Poetry,Louis Untermeyer,1925
The Crime of Sylvestre Bonnard,Anatole France,1881
The Secret Pact,Mildred A. Wirt,1941
Minute Mysteries,Austin Ripley,1949
Concerning Belinda,Eleanor Hoyt Brainerd,1905
The Epic of Gilgamesh,Anonymous,1750
Colour In The Flower Garden,Gertrude Jekyll,-1
What Katy Did at School,Susan Coolidge,1873
Too Fat to Fight: The Story of a Fat Man Who Made Good (1919),Rex Beach,1919
Castles in the Air,Emmuska Orczy,1921
What Katy Did Next,Susan Coolidge,1886
Clover,Susan Coolidge,1888
Being a Boy,Charles Dudley Warner,1877
My Summer in a Garden,Charles Dudley Warner,1871
Amelia,Henry Fielding,1751
Man of Many Minds,E. Everett Evans,1953
The Golden Ass,Apuleius,158
Walter Crane's Painting Book,Walter Crane,1889
The Countess Cathleen,W.B. Yeats,1892
North of Boston,Robert Frost,1914
The Planet Mappers,E. Everett Evans,1955
"Maldoror = Les Chants de Maldoror, together with a translation of Lautréamont's Poésies",Comte de Lautréamont,1869
"Oxford Days: Or, How Ross Got His Degree (Classic Reprint)",Frederic Edward Weatherly,2013
"Wilton School; Or, Harry Campbell's Revenge",Frederic Edward Weatherly,1872
Omnilingual,H. Beam Piper,1957
Impressions of Africa,Raymond Roussel,1910
"After London: or, Wild England",Richard Jefferies,1885
Tamburlaine,Christopher Marlowe,1590
The Book of Tea,Kakuzō Okakura,1906
The Cherry Orchard,Anton Chekhov,1904
Birds,Aristophanes,414
الغرفة الحمراء,H.G. Wells,1894
Absalom and Achitophel,John Dryden,1681
Parallel Lives,Plutarch,100
The Ladies Delight,Anonymous,1732
Morning Star,H. Rider Haggard,1910
The Charterhouse of Parma,Stendhal,1839
Sentimental Education,Gustave Flaubert,1869
King Solomon's Goat,Willard Bartlett,2015
Wet Magic,E. Nesbit,1913
The Lani People,J.F. Bone,1962
The Green Fairy Book,Andrew Lang,1892
Critique of Pure Reason,Immanuel Kant,1781
"The Girl from Alsace A Romance of the Great War, Originally Published under the Title of Little Comrade",Burton E. Stevenson,2007
Mrs. Dalloway,Virginia Woolf,1923
Serenade,James M. Cain,1937
The Kreutzer Sonata,Leo Tolstoy,1889
The Public Domain: Enclosing the Commons of the Mind,James Boyle,2008
Lady Huntworth's Experiment: An Original Comedy in Three Acts (Classic Reprint),R.C. Carton,2015
The Devil in the Flesh,Raymond Radiguet,1923
"Ten Dollars Enough: Keeping House Well on Ten Dollars a Week, How It Has Been Done, How It May Be Done Again (1886)",Catherine Owen,2009
Mary: A Fiction,Mary Wollstonecraft,1788
"Maria: or, The Wrongs of Woman",Mary Wollstonecraft,1798
Finnegans Wake,James Joyce,1939
The Dunwich Horror and Other Stories,H.P. Lovecraft,1929
Babylon Revisited,F. Scott Fitzgerald,1931
The Outcasts of Poker Flat,Bret Harte,1961
Martin Eden,Jack London,1909
"Gli 'ismi' contemporanei (Verismo, Simbolismo, Idealismo, Cosmopolitanismo) ed altri saggi di critica letteraria ed artistica (Italian Edition)",Luigi Capuana,2011
Origine della lingua italiana: dissertazione,Luigi Morandi,2014
Il dolore nell'arte,Antonio Fogazzaro,2011
Some Imagist Poets an Anthology,Amy Lowell,1931
Oedipus at Colonus,Sophocles,401
The Collected Poems of W.B. Yeats,W.B. Yeats,1996
Sir Gawain and the Green Knight,Unknown,1390
The Rise of Silas Lapham,William Dean Howells,1885
A Bullet for Cinderella,John D. MacDonald,1955
The Coming Race,Edward Bulwer-Lytton,1871
Ten Acres Enough: The Classic 1864 Guide to Independent Farming,Edmund  Morris,1864
Das Urteil und andere Erzählungen,Franz Kafka,1912
Lucy Maud Montgomery Short Stories: 1896-1901,L.M. Montgomery,2007
The Betrothed,Alessandro Manzoni,1840
The Oresteia,Aeschylus,458
Sonnets from the Portuguese,Elizabeth Barrett Browning,1850
The Way Things Are: The De Rerum Natura,Titus Lucretius Carus,55
Complete Poetical Works,Edgar Allan Poe,2007
The Man Without Qualities,Robert Musil,1930
Six Characters in Search of an Author,Luigi Pirandello,1921
Idylls of the King,Alfred Tennyson,1885
Rashōmon and Seventeen Other Stories,Ryūnosuke Akutagawa,1927
The Tempest,William Shakespeare,1623
Civil Disobedience and Other Essays,Henry David Thoreau,1995
Shakespeare's Sonnets,William Shakespeare,1609
Twenty Years of Spoof and Bluff,Carlton,1920
"Summa Theologica, 5 Vols",Thomas Aquinas,1274
The Adventures of Roderick Random,Tobias Smollett,1748
The Descent of Man,Charles Darwin,1871
The Morgesons,Elizabeth Stoddard,1862
"A Scandal in Bohemia (The Adventures of Sherlock Holmes, #1)",Ronald  Holt,1891
The Complete Tales of Edgar Allan Poe,Edgar Allan Poe,1849
Gone with the Wind,Margaret Mitchell,1936
A Midsummer Night's Dream,William Shakespeare,1595
The Country of the Blind,H.G. Wells,1904
Oblomov,Ivan Goncharov,1859
The Iliad/The Odyssey,Homer,750
Ivanov,Anton Chekhov,1887
The Mansion,Henry Van Dyke,1887
