sep=,
409,the red house mystery,A.A. Milne,1922,A. A. Milne,1872
477,once on a time,A.A. Milne,1917,A. A. Milne,27771
659,mother goose for grown folks,A.D.T. Whitney,2008,Mrs. A. D. T. Whitney,45301
798,a summer in leslie goldthwaite's life,A.D.T. Whitney,2008,Mrs. A. D. T. Whitney,11141
632,real folks,A.D.T. Whitney,1871,Mrs. A. D. T. Whitney,13997
803,we girls a home story,A.D.T. Whitney,2004,Mrs. A. D. T. Whitney,12224
179,behind a mask or a woman's power,A.M. Barnard,1866,A. M. Barnard,8677
752,the flower princess,Abbie Farwell Brown,1904,Abbie Farwell Brown,32226
872,prometheus bound,Aeschylus,480,Aeschylus,39251
535,prometheus bound and seven against thebes,Aeschylus,1897,Aeschylus,27458
257,aesop's fables,Aesop,560,Aesop,21
46,the secret adversary,Agatha Christie,1922,Agatha Christie,1155
0,the mysterious affair at styles,Agatha Christie,1920,Agatha Christie,863
337,crome yellow,Aldous Huxley,1921,Aldous Huxley,1999
926,the betrothed,Alessandro Manzoni,1840,Sir Walter Scott,6490
291,the vicomte de bragelonne,Alexandre Dumas,1848,Alexandre Dumas,18997
132,the wendigo,Algernon Blackwood,1910,Algernon Blackwood,10897
812,the damned,Algernon Blackwood,1914,Algernon Blackwood,11074
625,japanese girls and women,Alice Mabel Bacon,1975,Alice Mabel Bacon,32449
730,helen grant's schooldays,Amanda M. Douglas,1903,Amanda M. Douglas,32496
91,an occurrence at owl creek bridge,Ambrose Bierce,1890,Ambrose Bierce,375
891,the crime of sylvestre bonnard,Anatole France,1881,Anatole France,2123
630,the brown fairy book,Andrew Lang,1904,Various,3282
404,the red fairy book,Andrew Lang,1890,Various,540
146,the blue fairy book,Andrew Lang,1887,Andrew Lang,503
916,the green fairy book,Andrew Lang,1892,Various,7277
727,the nicest girl in the school,Angela Brazil,1909,Angela Brazil,25003
419,for the school colours,Angela Brazil,1918,Angela Brazil,35972
109,the mysteries of udolpho,Ann Radcliffe,1794,Ann Radcliffe,3268
97,the leavenworth case,Anna Katharine Green,1878,Anna Katharine Green,4047
779,the forsaken inn,Anna Katharine Green,1889,Anna Katharine Green,23641
193,black beauty,Anna Sewell,1877,Anna Sewell,271
36,the tenant of wildfell hall,Anne Brontë,1848,Anne Bronte,969
774,christmas roses and other stories,Anne Douglas Sedgwick,1920,Anne Douglas Sedgwick,40650
776,goody two-shoes,Anonymous,1765,Anonymous,13675
910,the ladies delight,Anonymous,1732,Anonymous,14005
861,barchester towers,Anthony Trollope,1857,Anthony Trollope,2432
415,can you forgive her,Anthony Trollope,1865,Anthony Trollope,19500
357,the way we live now,Anthony Trollope,1875,Anthony Trollope,5231
782,phineas finn,Anthony Trollope,1865,Anthony Trollope,18000
874,the three sisters,Anton Chekhov,1900,May Sinclair,11876
557,uncle vanya,Anton Chekhov,1897,Anton Checkov,1756
920,il dolore nell'arte,Antonio Fogazzaro,2011,Antonio Fogazzaro,32599
532,the worst journey in the world,Apsley Cherry-Garrard,1922,Apsley Cherry-Garrard,14363
628,lysistrata,Aristophanes,411,Aristophanes,7700
786,frogs,Aristophanes,405,Aristophanes,27668
328,poetics,Aristotle,335,Aristotle,1974
131,the old wives' tale,Arnold Bennett,1908,Arnold Bennett,5247
608,literary taste,Arnold Bennett,1909,Arnold Bennett,3640
607,how to live on 24 hours a day,Arnold Bennett,1908,Arnold Bennett,2274
499,blackthorn farm,Arthur Applin,1915,Arthur Applin,42519
478,the white company,Arthur Conan Doyle,1891,Arthur Conan Doyle,903
771,the tragedy of the korosko,Arthur Conan Doyle,1898,Arthur Conan Doyle,12555
56,the hound of the baskervilles,Arthur Conan Doyle,1902,Arthur Conan Doyle,2852
9,a study in scarlet,Arthur Conan Doyle,1887,Arthur Conan Doyle,244
137,the valley of fear,Arthur Conan Doyle,1915,Sir Arthur Conan Doyle,3289
174,the return of sherlock holmes,Arthur Conan Doyle,1905,Arthur Conan Doyle,108
37,the adventures of sherlock holmes,Arthur Conan Doyle,1892,Arthur Conan Doyle,1661
432,his last bow,Arthur Conan Doyle,1917,Arthur Conan Doyle,2350
434,the adventure of the cardboard box,Arthur Conan Doyle,1892,Arthur Conan Doyle,2344
154,the lost world,Arthur Conan Doyle,1912,Arthur Conan Doyle,139
278,the rover boys at school,Arthur M. Winfield,1899,Arthur M. Winfield,5780
258,the great god pan,Arthur Machen,1894,Arthur Machen,389
857,russia in 1919,Arthur Ransome,1919,Arthur Ransome,1324
647,burning sands,Arthur Weigall,2011,Arthur Weigall,34978
893,minute mysteries,Austin Ripley,1949,Harold Austin Ripley,50603
439,anthem,Ayn Rand,1938,Ayn Rand,1249
601,folk tales of breffny,Bampton Hunt,2015,B. Hunt,54724
252,the tailor of gloucester,Beatrix Potter,1903,Beatrix Potter,14868
738,the tale of two bad mice,Beatrix Potter,1904,Beatrix Potter,45264
465,the tale of benjamin bunny,Beatrix Potter,1904,Beatrix Potter,14407
505,the tale of mr tod,Beatrix Potter,1912,Beatrix Potter,19805
741,the tale of the flopsy bunnies,Beatrix Potter,1909,Beatrix Potter,14220
718,the tale of squirrel nutkin,Beatrix Potter,1903,Beatrix Potter,14872
463,the tale of ginger and pickles,Beatrix Potter,1909,Beatrix Potter,14877
461,the tale of johnny town-mouse,Beatrix Potter,1918,Beatrix Potter,15284
737,the tale of tom kitten,Beatrix Potter,1907,Beatrix Potter,14837
740,the story of a fierce bad rabbit,Beatrix Potter,1906,Beatrix Potter,45265
280,the tale of peter rabbit,Beatrix Potter,1901,Beatrix Potter,14304
739,the tale of mrs tittlemouse,Beatrix Potter,1910,Beatrix Potter,17089
458,the tale of jemima puddle-duck,Beatrix Potter,1908,Beatrix Potter,14814
853,volpone,Ben Jonson,1606,Ben Jonson,4039
852,the consolation of philosophy,Boethius,525,Anicus Manlius Severinus Boethius,14328
514,alice adams,Booth Tarkington,1921,Booth Tarkington,980
16,dracula,Bram Stoker,1897,Bram Stoker,345
602,jungle peace,C. William Beebe,1918,William Beebe,37614
392,set in silver,C.N. Williamson,1909,Charles Norris Williamson and Alice Muriel Williamson,19412
436,lord loveland discovers america,C.N. Williamson,1908,C. N. Williamson,39984
707,rootabaga stories,Carl Sandburg,1922,Carl Sandburg,27085
197,pinocchio,Carlo Collodi,1883,C. Collodi,16865
935,twenty years of spoof and bluff,Carlton,1920,Arthur Philips Carlton,49547
427,patty's summer days,Carolyn Wells,1906,Carolyn Wells,25865
578,patty in the city,Carolyn Wells,1905,Carolyn Wells,56583
428,patty at home,Carolyn Wells,1902,Carolyn Wells,10268
579,patty's pleasure trip,Carolyn Wells,2008,Carolyn Wells,56552
430,patty's friends,Carolyn Wells,1908,Carolyn Wells,25847
580,patty in paris,Carolyn Wells,1907,Carolyn Wells,5731
858,dandelion cottage,Carroll Watson Rankin,1904,Carroll Watson Rankin,37871
583,the origin of species,Charles Darwin,1858,Thomas H. Huxley,2929
937,the descent of man,Charles Darwin,1871,Charles Darwin,2300
851,a child's history of england,Charles Dickens,1854,Charles Dickens,699
192,the old curiosity shop,Charles Dickens,1840,Charles Dickens,700
57,david copperfield,Charles Dickens,1849,Charles Dickens,766
826,george silverman's explanation,Charles Dickens,1985,Charles Dickens,810
34,oliver twist,Charles Dickens,1838,Charles Dickens,730
824,dombey and son,Charles Dickens,1848,Charles Dickens,821
820,miscellaneous papers,Charles Dickens,2001,Charles Dickens,1435
175,no thoroughfare,Charles Dickens,1867,Charles Dickens and Wilkie Collins,1423
115,hard times,Charles Dickens,1854,Charles Dickens,786
838,doctor marigold,Charles Dickens,1866,Charles Dickens,1415
817,mrs lirriper's legacy,Charles Dickens,1864,Charles Dickens,1421
481,little dorrit,Charles Dickens,1855,Charles Dickens,963
825,the seven poor travellers,Charles Dickens,1854,Charles Dickens,1392
778,the holly-tree,Charles Dickens,2012,Charles Dickens,1394
841,the lamplighter,Charles Dickens,2000,Charles Dickens,927
816,charles dickens' children stories,Charles Dickens,1900,Charles Dickens,37121
828,sketches of young gentlemen,Charles Dickens,1838,Charles Dickens,918
839,barnaby rudge,Charles Dickens,1841,Charles Dickens,917
823,sketches of young couples,Charles Dickens,1843,Charles Dickens,916
51,great expectations,Charles Dickens,1860,Charles Dickens,1400
835,a message from the sea,Charles Dickens,1998,Charles Dickens,1407
849,somebody's luggage,Charles Dickens,1862,Charles Dickens,1414
846,the lazy tour of two idle apprentices,Charles Dickens,1857,Charles Dickens,888
178,our mutual friend,Charles Dickens,1865,Charles Dickens,883
369,the cricket on the hearth,Charles Dickens,1845,Charles Dickens,678
844,mugby junction,Charles Dickens,1866,Charles Dickens,1419
827,going into society,Charles Dickens,1859,Charles Dickens,1422
390,american notes for general circulation,Charles Dickens,1842,Charles Dickens,675
240,the battle of life,Charles Dickens,1846,Charles Dickens,676
89,bleak house,Charles Dickens,1853,Charles Dickens,1023
35,a tale of two cities,Charles Dickens,1859,Charles Dickens,98
831,the mystery of edwin drood,Charles Dickens,1870,Charles Dickens,564
181,the pickwick papers,Charles Dickens,1837,Charles Dickens,580
191,the chimes,Charles Dickens,1844,Charles Dickens,653
822,master humphrey's clock,Charles Dickens,1997,Charles Dickens,588
845,a child's dream of a star,Charles Dickens,1850,Charles Dickens,42232
813,the loving ballad of lord bateman,Charles Dickens,2007,Dickens and Thackeray,15618
836,the haunted house,Charles Dickens,1859,Walter Hubbell,16975
834,pictures from italy,Charles Dickens,1846,Charles Dickens,650
901,being a boy,Charles Dudley Warner,1877,Charles Dudley Warner,3127
777,the book of the damned,Charles Fort,1919,Charles Fort,22472
807,mythical monsters,Charles Gould,1886,Charles Gould,40972
677,tales from shakespeare,Charles Lamb,1899,Charles and Mary Lamb,573
726,the diary of a freshman,Charles Macomb Flandrau,2007,Charles Macomb Flandrau,44888
684,infernaliana,Charles Nodier,1822,Ch. Nodier,18089
6,jane eyre,Charlotte Brontë,1847,Charlotte Bronte,1260
504,the professor,Charlotte Brontë,1857,Currer Bell,1028
43,emma,Charlotte Brontë,1860,Jane Austen,158
672,the little duke,Charlotte Mary Yonge,1854,Charlotte M. Yonge,3048
340,goblin market,Christina Rossetti,1862,Christina Rossetti,16950
592,edward ii,Christopher Marlowe,1598,Christopher Marlow,20288
128,the haunted bookshop,Christopher Morley,1948,Christopher Morley,172
141,parnassus on wheels,Christopher Morley,1917,Christopher Morley,5311
548,among the meadow people,Clara Dillingham Pierson,2005,Clara Dillingham Pierson,34943
734,bo-peep story books,Clara de Chatelain,1870,Anonymous,25461
701,the early life and adventures of sylvia scarlett,Compton Mackenzie,1918,Compton Mackenzie,39527
574,aaron's rod,D.H. Lawrence,1922,D. H. Lawrence,4520
345,sons and lovers,D.H. Lawrence,1913,David Herbert Lawrence,217
324,women in love,D.H. Lawrence,1920,D. H. Lawrence,4240
157,moll flanders,Daniel Defoe,1722,Daniel Defoe,18112
165,robinson crusoe,Daniel Defoe,1719,Daniel Defoe,521
735,her ladyship's elephant,David Dwight Wells,1898,David Dwight Wells,28149
177,lady into fox,David Garnett,1922,David Garnett,10337
767,le neveu de rameau,Denis Diderot,1769,Denis Diderot,13862
681,regrets sur ma vieille robe de chambre,Denis Diderot,1769,Denis Diderot,13863
187,understood betsy,Dorothy Canfield Fisher,1916,Dorothy Canfield,5347
665,astounding stories may 1931,Douglas M. Dold,1931,Various,30532
903,man of many minds,E. Everett Evans,1953,E. Everett Evans,19660
907,the planet mappers,E. Everett Evans,1955,E. Everett Evans,50682
913,wet magic,E. Nesbit,1913,E. Nesbit,50361
586,the railway children,E. Nesbit,1906,E. Nesbit,1874
375,the book of dragons,E. Nesbit,1899,Edith Nesbit,23661
149,five children and it,E. Nesbit,1902,E. Nesbit,778
572,the skylark of space,"E.E. ""Doc"" Smith",1928,Edward Elmer Smith and Lee Hawkins Garby,20869
530,queen lucia,E.F. Benson,1920,E. F. Benson,6840
155,a room with a view,E.M. Forster,1908,E. M. Forster,2641
635,mr punch's animal land,E.T. Reed,2015,E. T. Reed,47907
274,myths and legends of china,E.T.C. Werner,1915,E. T. C. Werner,15250
498,the agony column,Earl Derr Biggers,1916,Earl Derr Biggers,1814
501,the fall of the house of usher,Edgar Allan Poe,1839,Edgar Allen Poe,6557
759,the raven,Edgar Allan Poe,1844,Edgar Allan Poe,1063
928,complete poetical works,Edgar Allan Poe,2007,Bret Harte,2507
78,tarzan of the apes,Edgar Rice Burroughs,1912,Edgar Rice Burroughs,78
223,the return of tarzan,Edgar Rice Burroughs,1913,Edgar Rice Burroughs,81
372,the beasts of tarzan,Edgar Rice Burroughs,1914,Edgar Rice Burroughs,85
45,a princess of mars,Edgar Rice Burroughs,1912,Edgar Rice Burroughs,62
247,the gods of mars,Edgar Rice Burroughs,1913,Edgar Rice Burroughs,64
527,aunt jane's nieces,Edith Van Dyne,1906,Edith Van Dyne,10123
348,summer,Edith Wharton,1917,Edith Wharton,166
716,the touchstone,Edith Wharton,1900,Edith Wharton,267
23,the age of innocence,Edith Wharton,1920,Edith Wharton,541
169,cyrano de bergerac,Edmond Rostand,1897,Edmond Rostand,37131
651,the last days of pompeii,Edward Bulwer-Lytton,1834,Edward George Bulwer-Lytton,1565
924,the coming race,Edward Bulwer-Lytton,1871,Edward Bulwer Lytton,1951
554,the progress of invention in the nineteenth century,Edward W. Byrn,1900,Edward W. Byrn,41538
622,medieval people,Eileen Power,1924,Eileen Edna Power,13144
442,pollyanna,Eleanor H. Porter,1912,Eleanor H. Porter,1450
894,concerning belinda,Eleanor Hoyt Brainerd,1905,Eleanor Hoyt Brainerd,35008
927,sonnets from the portuguese,Elizabeth Barrett Browning,1850,Elizabeth Barrett Browning,2002
323,mary barton,Elizabeth Gaskell,1848,Elizabeth Cleghorn Gaskell,2153
22,north and south,Elizabeth Gaskell,1855,Elizabeth Cleghorn Gaskell,4276
20,cranford,Elizabeth Gaskell,1853,Elizabeth Cleghorn Gaskell,394
224,wives and daughters,Elizabeth Gaskell,1866,Elizabeth Cleghorn Gaskell,4274
938,the morgesons,Elizabeth Stoddard,1862,Elizabeth Stoddard,12347
232,the enchanted april,Elizabeth von Arnim,1922,Elizabeth von Arnim,16389
365,east lynne,Ellen Price Wood,1861,Mrs. Henry Wood,3322
703,philo gubb correspondence-school detective,Ellis Parker Butler,1918,Ellis Parker Butler,29721
650,the covered wagon,Emerson Hough,2008,Emerson Hough,13384
897,castles in the air,Emmuska Orczy,1921,Baroness Emmuska Orczy,12461
81,the scarlet pimpernel,Emmuska Orczy,1905,Baroness Orczy,60
245,the old man in the corner,Emmuska Orczy,1901,Baroness Orczy,10556
236,the riddle of the sands,Erskine Childers,1903,Erskine Childers,2360
327,medea,Euripides,431,Franz Grillparzer ,7945
634,the trojan women,Euripides,450,Euripides,10096
689,true stories of girl heroines,Evelyn Everett-Green,2009,Evelyn Everett-Green,40508
284,tales of the jazz age,F. Scott Fitzgerald,1922,F. Scott Fitzgerald,6695
353,this side of paradise,F. Scott Fitzgerald,1920,F. Scott Fitzgerald,805
341,camilla,Fanny Burney,1796,Fanny Burney,40619
241,evelina,Fanny Burney,1778,Fanny Burney,6053
139,cecilia,Fanny Burney,1782,F. Marion Crawford,31723
377,the good soldier,Ford Madox Ford,1915,Ford Madox Ford,2775
497,the shuttle,Frances Hodgson Burnett,1906,Frances Hodgson Burnett,506
249,a little princess,Frances Hodgson Burnett,1905,Frances Hodgson Burnett,146
205,little lord fauntleroy,Frances Hodgson Burnett,1886,Frances Hodgson Burnett,479
526,the dawn of a to-morrow,Frances Hodgson Burnett,1905,Frances Hodgson Burnett,460
27,the secret garden,Frances Hodgson Burnett,1911,Frances Hodgson Burnett,113
487,the little hunchback zia,Frances Hodgson Burnett,1916,Frances Hodgson Burnett,5303
528,the land of the blue flower,Frances Hodgson Burnett,1908,Frances Hodgson Burnett,5302
556,florante at laura,Francisco Balagtas,1861,Francisco Baltazar,15845
679,the boy scouts book of campfire stories,Franklin K. Mathiews,1921,Various,26475
53,the trial,Franz Kafka,1925,Charlotte M. Yonge,3744
403,my bondage and my freedom,Frederick Douglass,1855,Frederick Douglass,202
669,the children of the new forest,Frederick Marryat,1847,Captain Marryat,21558
657,blackboard drawing,Frederick Whitney,2011,Frederick Whitney,32781
643,my lady greensleeves,Frederik Pohl,1957,Frederik Pohl,51310
511,the tunnel under the world,Frederik Pohl,1955,Frederik Pohl,31979
646,wolfbane,Frederik Pohl,1957,Frederik Pohl and C. M. Kornbluth                          ,51845
645,survival kit,Frederik Pohl,1979,Frederik Pohl                                          ,51809
644,plague of pythons,Frederik Pohl,1965,Frederik Pohl                                     ,51804
166,beyond good and evil,Friedrich Nietzsche,1886,Friedrich Nietzsche,4363
654,the birth of tragedy,Friedrich Nietzsche,1871,Friedrich Nietzsche,51356
106,the brothers karamazov,Fyodor Dostoyevsky,1880,Fyodor Dostoyevsky,28054
101,the idiot,Fyodor Dostoyevsky,1868,Fyodor Dostoyevsky,2638
14,crime and punishment,Fyodor Dostoyevsky,1866,Fyodor Dostoevsky,2554
621,alarms and discursions,G.K. Chesterton,1911,Gilbert Keith Chesterton,9656
285,the wisdom of father brown,G.K. Chesterton,1914,G. K. Chesterton,223
482,the napoleon of notting hill,G.K. Chesterton,1904,Gilbert K. Chesterton,20058
488,all things considered,G.K. Chesterton,1908,G. K. Chesterton,11505
585,the defendant,G.K. Chesterton,1901,G.K. Chesterton,12245
98,the innocence of father brown,G.K. Chesterton,1911,G. K. Chesterton,204
854,the man who knew too much,G.K. Chesterton,1922,G. K. Chesterton,1720
407,the mystery of the yellow room,Gaston Leroux,1908,Gaston Leroux,1685
355,the phantom of the opera,Gaston Leroux,1910,Gaston Leroux,175
152,a girl of the limberlost,Gene Stratton-Porter,1909,Gene Stratton-Porter,125
335,freckles,Gene Stratton-Porter,1904,Gene Stratton-Porter,111
595,major barbara,George Bernard Shaw,1905,George Bernard Shaw,3790
624,man and superman,George Bernard Shaw,1903,George Bernard Shaw,3328
108,pygmalion,George Bernard Shaw,1912,George Bernard Shaw,3825
755,candida,George Bernard Shaw,1934,George Bernard Shaw,4023
359,romola,George Eliot,1863,George Eliot,24020
64,silas marner,George Eliot,1861,George Eliot,550
322,daniel deronda,George Eliot,1876,George Eliot,7469
194,the mill on the floss,George Eliot,1860,George Eliot,6688
65,middlemarch,George Eliot,1871,George Eliot,145
503,the odd women,George Gissing,1893,George Gissing,4313
321,childe harold's pilgrimage,George Gordon Byron,1812,Lord Byron,5131
564,the light princess and other fairy stories,George MacDonald,1864,George MacDonald,18811
543,lilith,George MacDonald,1895,George MacDonald,1640
516,the princess and the goblin,George MacDonald,1872,George MacDonald,708
518,at the back of the north wind,George MacDonald,1871,George MacDonald,225
484,the light princess,George MacDonald,1864,George MacDonald,697
271,phantastes,George MacDonald,1858,George MacDonald,325
638,the golden key,George MacDonald,1867,Mrs. Georgie Sheldon,50909
687,esther waters,George Moore,2001,George Moore,8157
471,1984,George Orwell,1949,George Orwell,1984
242,trilby,George du Maurier,1894,George Du Maurier,39858
685,escal-vigor,Georges Eekhoud,1899,Georges Eekhoud,15844
686,bruges-la-morte,Georges Rodenbach,1892,Georges Rodenbach,14911
351,the black moth,Georgette Heyer,1921,Georgette Heyer,38703
545,three lives,Gertrude Stein,2011,Gertrude Stein,15408
680,nathan der weise,Gotthold Ephraim Lessing,1779,Gotthold Epraim Lessing,9186
40,madame bovary,Gustave Flaubert,1856,Gustave Flaubert,2413
762,bouvard and pecuchet,Gustave Flaubert,1881,Gustave Flaubert,25014
510,grimm tales made gay,Guy Wetmore Carryl,1902,Guy Wetmore Carryl,23024
908,omnilingual,H. Beam Piper,1957,H. Beam Piper,19445
570,police operation,H. Beam Piper,1948,H. Beam Piper,19067
512,little fuzzy,H. Beam Piper,1962,Henry Beam Piper,18137
490,the people of the mist,H. Rider Haggard,1894,H. Rider Haggard,6769
77,king solomon's mines,H. Rider Haggard,1885,H. Rider Haggard,2166
270,she,H. Rider Haggard,1886,H. Rider Haggard,3155
911,morning star,H. Rider Haggard,1910,H. Rider Haggard,2722
8,the time machine,H.G. Wells,1895,H. G. Wells,35
640,the food of the gods,H.G. Wells,1904,Brandon Head,16035
483,the door in the wall and other stories,H.G. Wells,1911,H. G. Wells,456
17,the war of the worlds,H.G. Wells,1898,H. G. Wells,36
235,the first men in the moon,H.G. Wells,1901,H. G. Wells,1013
60,the invisible man,H.G. Wells,1897,H. G. Wells,5230
243,the shunned house,H.P. Lovecraft,1937,Howard Phillips Lovecraft,31469
145,uncle tom's cabin,Harriet Beecher Stowe,1852,Harriet Beecher Stowe,203
664,astounding stories february 1931,Harry Bates,2009,Various,30124
641,astounding stories of super-science january 1931,Harry Bates,2011,Various,30177
588,a pirate of the caribbees,Harry Collingwood,2007,Harry Collingwood,21073
398,planet of the damned,Harry Harrison,1962,Harry Harrison,21873
551,der struwwelpeter,Heinrich Hoffmann,1845,Heinrich Hoffmann,24571
700,ramona,Helen Hunt Jackson,2002,Helen Hunt Jackson,2802
790,an enemy of the people,Henrik Ibsen,1882,Henrik Ibsen,2446
797,ghosts,Henrik Ibsen,1881,Henrik Ibsen,8121
114,hedda gabler,Henrik Ibsen,1890,Henrik Ibsen,4093
521,a doll's house,Henrik Ibsen,1879,Henrik Ibsen,2542
186,walking,Henry David Thoreau,1862,Henry David Thoreau,1022
201,the history of tom jones a foundling,Henry Fielding,1749,Henry Fielding,6593
902,amelia,Henry Fielding,1751,Henry Fielding,6098
118,the ambassadors,Henry James,1903,Henry James,432
277,the american,Henry James,1877,Henry James,177
342,washington square,Henry James,1880,Henry James,2870
180,what maisie knew,Henry James,1897,Henry James,7118
502,daisy miller,Henry James,1878,Henry James,208
709,embarrassments,Henry James,1896,Henry James,21932
29,the turn of the screw,Henry James,1898,Henry James,209
698,the man of feeling,Henry MacKenzie,1771,Henry Mackenzie,5083
606,the buddhist catechism,Henry Steel Olcott,1881,Henry S. Olcott,30216
944,the mansion,Henry Van Dyke,1887,Henry Van Dyke,704
576,quo vadis,Henryk Sienkiewicz,1895,Henryk Sienkiewicz,35560
500,patricia brent spinster,Herbert Jenkins,1918,Herbert Jenkins,33353
769,the confidence-man,Herman Melville,1857,Herman Melville,21816
760,israel potter,Herman Melville,1855,Herman Melville,15422
142,bartleby the scrivener,Herman Melville,1853,Herman Melville,11231
84,siddhartha,Hermann Hesse,1922,Herman Hesse,2500
210,the odyssey,Homer,720,Homer,1727
184,the iliad,Homer,750,Homer,2199
519,the castle of otranto,Horace Walpole,1764,Horace Walpole,696
207,ragged dick,Horatio Alger Jr.,1868,Horatio Alger,5348
451,the merry adventures of robin hood,Howard Pyle,1883,Howard Pyle,964
550,the red record,Ida B. Wells-Barnett,1895,Ida B. Wells-Barnett,14977
642,the king of schnorrers,Israel Zangwill,1894,Israel Zangwill,38413
942,oblomov,Ivan Goncharov,1859,Ivan Goncharov,54700
202,fathers and sons,Ivan Turgenev,1862,Ivan Sergeevich Turgenev,47935
112,carmilla,J. Sheridan Le Fanu,1872,J. Sheridan LeFanu,10007
914,the lani people,J.F. Bone,1962,J. F. Bone,2509
449,the admirable crichton,J.M. Barrie,1902,J. M. Barrie,3490
92,peter pan,J.M. Barrie,1904,James M. Barrie,16
320,the playboy of the western world,J.M. Synge,1907,J. M. Synge,1240
761,white fang,Jack London,1906,Jack London,910
918,martin eden,Jack London,1909,Jack London,1056
489,the sea wolf,Jack London,1904,Jack London,1074
882,the people of the abyss,Jack London,1903,Jack London,1688
79,the call of the wild,Jack London,1903,Jack London,215
667,alexander the great,Jacob Abbott,1849,Jacob Abbott,30624
768,grimm's fairy tales,Jacob Grimm,1857,Various,52521
294,grimm's fairy stories,Jacob Grimm,1812,Jacob Grimm and Wilhelm Grimm,11027
605,old greek stories,James  Baldwin,1895,James Baldwin,11582
486,figures of earth,James Branch Cabell,2004,James Branch Cabell,11639
265,the last of the mohicans,James Fenimore Cooper,1826,James Fenimore Cooper,940
577,the golden bough,James George Frazer,1890,George Gibbs,41844
105,ulysses,James Joyce,1922,James Joyce,4300
233,a portrait of the artist as a young man,James Joyce,1916,James Joyce,4217
82,dubliners,James Joyce,1914,James Joyce,2814
633,why they married,James Montgomery Flagg,1906,James Montgomery Flagg,23611
662,miracles and supernatural religion,James Morris Whiton,2000,James Morris Whiton,26397
30,mansfield park,Jane Austen,1814,Jane Austen,141
76,lady susan,Jane Austen,1871,Jane Austen,946
2,pride and prejudice,Jane Austen,1813,Jane Austen,1342
25,persuasion,Jane Austen,1817,Jane Austen,105
54,northanger abbey,Jane Austen,1817,Jane Austen,121
32,sense and sensibility,Jane Austen,1811,Jane Austen,161
214,alice in wonderland,Jane Carruth,1865,J.C. Gorham,19551
800,a catalogue of play equipment,Jean Lee Hunt,1918,Jean Lee Hunt,28466
259,daddy-long-legs,Jean Webster,1912,Jean Webster,157
211,dear enemy,Jean Webster,1915,Jean Webster,238
356,just patty,Jean Webster,1911,Jean Webster,21048
339,the four pools mystery,Jean Webster,1908,Jean Webster,21264
334,the wheat princess,Jean Webster,1905,Jean Webster,46761
358,when patty went to college,Jean Webster,1903,Jean Webster,21639
678,viking tales,Jennie Hall,1902,Jennie Hall,24811
287,three men on the bummel,Jerome K. Jerome,1900,Jerome K. Jerome,2183
41,three men in a boat,Jerome K. Jerome,1889,Jerome K. Jerome,308
717,idle thoughts of an idle fellow,Jerome K. Jerome,1886,Jerome K. Jerome,849
729,grace harlowe's first year at overton college,Jessie Graham Flower,1914,Jessie Graham Flower,17988
683,j-k huysmans et le satanisme,Joanny Bricaud,1913,Joanny Bricaud,18085
269,the swiss family robinson,Johann David Wyss,1812,Jean Rudolph Wyss,34808
120,the sorrows of young werther,Johann Wolfgang von Goethe,1774,Johann Wolfgang von Goethe,2527
332,faust,Johann Wolfgang von Goethe,1832,Goethe,14460
626,ten days that shook the world,John   Reed,1919,John Reed,3076
158,the pilgrim's progress,John Bunyan,1678,John Bunyan,131
923,a bullet for cinderella,John D. MacDonald,1955,John D. MacDonald,49931
560,democracy and education,John Dewey,1916,John Dewey,852
802,the beggar's opera,John Gay,1728,John Gay,2421
668,famous men of the middle ages,John Henry Haaren,1904,John H. Haaren and Addison B. Poland,3725
466,a house-boat on the styx,John Kendrick Bangs,1895,John Kendrick Bangs,2618
870,second treatise of government,John Locke,1689,John Locke,7370
494,moonfleet,John Meade Falkner,1898,J. Meade Falkner,10743
267,paradise lost,John Milton,1667,John Milton,20
674,the king of the golden river,John Ruskin,1851,John Ruskin,701
273,on liberty,John Stuart Mill,1859,John Stuart Mill,34901
811,the subjection of women,John Stuart Mill,1869,John Stuart Mill,27083
587,eccentricities of the animal creation,John Timbs,2003,John Timbs,44422
810,the duchess of malfi,John Webster,1614,John Webster,2232
111,the vampyre a tale,John William Polidori,1819,John Polidori,6087
889,raggedy ann stories,Johnny Gruelle,1918,Johnny Gruelle,18190
888,raggedy andy stories,Johnny Gruelle,1920,Johnny Gruelle,17371
121,a modest proposal,Jonathan Swift,1729,Jonathan Swift,1080
71,gulliver's travels,Jonathan Swift,1726,Jonathan Swift,829
227,lord jim,Joseph Conrad,1900,Joseph Conrad,5658
300,the secret agent,Joseph Conrad,1907,Joseph Conrad,974
50,heart of darkness,Joseph Conrad,1899,Joseph Conrad,219
671,english fairy tales,Joseph Jacobs,1890,Anonymous,7439
596,great ghost stories,Joseph Lewis French,1918,Various,41170
575,platero y yo,Juan Ramón Jiménez,1914,Juan Ramon Jimenez,9980
589,harmaja linna,Juho Koskimaa,1921,Juho Koskimaa,50947
59,twenty thousand leagues under the sea,Jules Verne,1869,Jules Verne,164
469,the mysterious island,Jules Verne,1874,Jules Verne,1268
190,from the earth to the moon,Jules Verne,1865,Jules Verne,83
736,old-fashioned fairy tales,Juliana Horatia Ewing,1882,Juliana Horatia Gatty Ewing,15592
590,suomenlahden salaisuus,K. A. Tavastjerna,1918,Karl A. Tavaststjerna,45574
631,twenty drawings,Kahlil Gibran,1974,Kahlil Gibran,55500
909,the book of tea,Kakuzō Okakura,1906,Kakuzo Okakura,769
172,the communist manifesto,Karl Marx,1848,Karl Marx and Friedrich Engels,61
88,the awakening,Kate Chopin,1899,Leo Nikoleyevich Tolstoy,17352
529,the romance of a christmas card,Kate Douglas Wiggin,1916,Kate Douglas Wiggin,17456
787,language of flowers,Kate Greenaway,1884,Kate Greenaway,31591
781,the night of the trolls,Keith Laumer,2016,Keith Laumer,53132
721,the golden age,Kenneth Grahame,1895,Kenneth Grahame,291
144,the wind in the willows,Kenneth Grahame,1908,Kenneth Grahame,289
96,hunger,Knut Hamsun,1890,Knut Hamsun,8387
537,growth of the soil,Knut Hamsun,1917,Knut Hamsun,10984
805,pan,Knut Hamsun,1894,Knut Hamsun,7214
48,the wonderful wizard of oz,L. Frank Baum,1900,L. Frank Baum,55
868,glinda of oz,L. Frank Baum,1920,L. Frank Baum,961
864,the tin woodman of oz,L. Frank Baum,1918,Baum,960
571,american fairy tales,L. Frank Baum,1901,L. Frank Baum,4357
866,the patchwork girl of oz,L. Frank Baum,1913,L. Frank Baum,955
473,ozma of oz,L. Frank Baum,1907,L. Frank Baum,486
525,dorothy and the wizard in oz,L. Frank Baum,1908,L. Frank Baum,420
523,the emerald city of oz,L. Frank Baum,1910,L. Frank Baum,517
296,the magic of oz,L. Frank Baum,1919,L. Frank Baum,419
617,anne of the island,L.M. Montgomery,1915,Lucy Maud Montgomery,51
656,anne's house of dreams,L.M. Montgomery,1917,Lucy Maud Montgomery,544
276,anne of avonlea,L.M. Montgomery,1909,Lucy Maud Montgomery,47
122,anne of green gables,L.M. Montgomery,1908,Lucy Maud Montgomery,45
732,a sweet girl graduate,L.T. Meade,1891,Mrs. L. T. Meade,4989
859,letters from egypt,Lady Lucie Duff Gordon,2010,Lucie Duff Gordon,17816
660,the wooing of calvin parks,Laura Elizabeth Richards,1908,Laura E. Richards,31320
199,the life and opinions of tristram shandy gentleman,Laurence Sterne,1759,Laurence Sterne,1079
765,the last stroke,Lawrence L. Lynch,2011,Lawrence L. Lynch,35304
58,war and peace,Leo Tolstoy,1869,by Leo Tolstoy,2600
75,anna karenina,Leo Tolstoy,1878,Leo Tolstoy,1399
682,la pantoufle de sapho,Leopold von Sacher-Masoch,1859,Leopold Ritter von Sacher-Masoch,16649
555,venus in furs,Leopold von Sacher-Masoch,1870,Ritter von Leopold Sacher-Masoch,6852
360,ben-hur a tale of the christ,Lew Wallace,1880,Lew Wallace,2145
371,sylvie and bruno,Lewis Carroll,1889,Lewis Carroll,620
611,the hunting of the snark,Lewis Carroll,1876,Lewis Carroll,13
746,alice's adventures in wonderland,Lewis Carroll,1865,Lewis Carroll,11
658,sylvie and bruno concluded,Lewis Carroll,1893,Lewis Carroll,48795
553,what a girl can make and do,Lina Beard,1902,Lina Beard and Adelia B. Beard,56588
593,tales of wonder,Lord Dunsany,2010,Baron Edward John Moreton Drax Plunkett Dunsany,13821
773,fifty-one tales,Lord Dunsany,1915,Lord Dunsany,7838
788,the silent barrier,Louis Tracy,1911,Louis Tracy,31635
890,modern british poetry,Louis Untermeyer,1925,Various,26785
879,the mysterious key and what it opened,Louisa May Alcott,1867,Louisa May Alcott,8188
282,little men,Louisa May Alcott,1871,Louisa May Alcott,2788
290,rose in bloom,Louisa May Alcott,1876,Louisa May Alcott,2804
117,little women,Louisa May Alcott,1868,Louisa May Alcott,514
262,eight cousins,Louisa May Alcott,1874,Louisa M. Alcott,2726
809,a garland for girls,Louisa May Alcott,1887,Louisa May Alcott,5830
260,an old-fashioned girl,Louisa May Alcott,1869,Louisa May Alcott,2787
792,here and now story book,Lucy Sprague Mitchell,1921,Lucy Sprague Mitchell,27075
711,orlando furioso,Ludovico Ariosto,1516,Lodovico Ariosto,615
919,origine della lingua italiana dissertazione,Luigi Morandi,2014,Luigi Morandi,47163
565,third class in indian railways,Mahatma Gandhi,1917,Mahatma Gandhi,24461
212,the kama sutra of vatsyayana,Mallanaga Vātsyāyana,400,Vatsyayana,27827
189,swann's way,Marcel Proust,1913,Marcel Proust ,7178
83,meditations,Marcus Aurelius,180,Marcus Aurelius,2680
705,the wisdom of fools,Margaret Deland,2005,Margaret Deland,53579
326,five little peppers and how they grew,Margaret Sidney,1881,Margaret Sidney,2770
424,betty wales freshman,Margaret Warde,1904,Edith K. Dunton,31387
110,the velveteen rabbit,Margery Williams,1922,Margery Williams,11757
416,belinda,Maria Edgeworth,1801,A. A. Milne,6992
123,castle rackrent,Maria Edgeworth,1800,Maria Edgeworth,1424
333,thelma,Marie Corelli,1887,Marie Corelli,3823
690,the planet savers,Marion Zimmer Bradley,1976,Marion Zimmer Bradley,31619
691,falcons of narabedla,Marion Zimmer Bradley,1957,Marion Zimmer Bradley,50566
837,editorial wild oats,Mark Twain,1970,Mark Twain,19484
821,goldsmith's friend abroad again,Mark Twain,2002,Mark Twain,3191
293,christian science,Mark Twain,1899,Mark Twain,3187
829,those extraordinary twins,Mark Twain,1894,Mark Twain,3185
814,alonzo fitz and other stories,Mark Twain,2004,Mark Twain,3184
847,the stolen white elephant,Mark Twain,1882,Mark Twain,3181
815,the american claimant,Mark Twain,1892,Mark Twain,3179
850,a dog's tale,Mark Twain,1904,Mark Twain,3174
833,essays on paul bourget,Mark Twain,2000,Mark Twain,3173
832,a horse's tale,Mark Twain,1907,Mark Twain,1086
819,the treaty with china its provisions explained,Mark Twain,2010,Mark Twain,33077
102,the adventures of huckleberry finn,Mark Twain,1884,Mark Twain,32325
374,the man that corrupted hadleyburg,Mark Twain,1898,Mark Twain,1213
292,on the decay of the art of lying,Mark Twain,1882,Mark Twain,2572
830,is shakespeare dead,Mark Twain,1908,Mark Twain,2431
541,joan of arc,Mark Twain,1896,Ronald Sutherland Gower,16933
86,the prince and the pauper,Mark Twain,1881,Mark Twain,1837
818,tom sawyer abroad,Mark Twain,1894,Mark Twain,91
457,tom sawyer detective,Mark Twain,1896,Mark Twain,93
309,a tramp abroad,Mark Twain,1880,Mark Twain,119
848,the mysterious stranger,Mark Twain,1916,Mark Twain,50109
766,what is man,Mark Twain,1905,Mark Twain,70
90,lady audley's secret,Mary Elizabeth Braddon,1862,Mary Elizabeth Braddon,8954
597,the carved lions,Mary Louisa Molesworth,1895,Mrs. Molesworth,39549
513,bab a sub-deb,Mary Roberts Rinehart,1916,Mary Roberts Rinehart,366
856,the amazing interlude,Mary Roberts Rinehart,1918,Mary Roberts Rinehart,1590
153,the circular staircase,Mary Roberts Rinehart,1908,Mary Roberts Rinehart,434
19,frankenstein,Mary Wollstonecraft Shelley,1818,Mary Shelley,41445
791,mathilda,Mary Wollstonecraft Shelley,1819,Mary Wollstonecraft Shelley,15238
785,mother,Maxim Gorky,1906,Owen Wister,1387
728,sarah's school friend,May Baldwin,1910,May Baldwin,20068
600,fairy tales from gold lands,May Wentworth Newman,2013,May Wentworth,56155
702,the mountain school-teacher,Melville Davisson Post,2013,Melville Davisson Post,51958
619,arts and crafts essays,Members of Members of the Arts and Crafts Exhibiti,2009,Various,36250
62,don quixote,Miguel de Cervantes Saavedra,1615,Miqeul de Cervantes Saavedra,996
350,a hero of our time,Mikhail Lermontov,1840,M. Y. Lermontov,913
750,the clock strikes thirteen,Mildred A. Wirt,1942,Mildred A. Wirt,34403
749,the wishing well,Mildred A. Wirt,1942,Mildred A. Wirt,34689
892,the secret pact,Mildred A. Wirt,1941,Mildred A. Wirt,34682
747,behind the green door,Mildred A. Wirt,1940,Mildred A. Wirt,34592
751,clue of the silken ladder,Mildred A. Wirt,1941,Mildred A. Wirt,34591
748,danger at the drawbridge,Mildred A. Wirt,1940,Mildred A. Wirt,34552
869,roumanian fairy tales,Mite Kremnitz,1885,Various,20552
479,little golden's daughter,Mrs. Alex. McVeigh Miller,1901,Mrs. Alex. McVeigh Miller,44803
485,a dreadful temptation,Mrs. Alex. McVeigh Miller,1883,Mrs. Alex. McVeigh Miller,43911
653,the senator's favorite,Mrs. Alex. McVeigh Miller,1897,Mrs. Alex. McVeigh Miller,55237
756,the senator's bride,Mrs. Alex. McVeigh Miller,1897,Mrs. Alex. McVeigh Miller,54134
699,the independence of claire,Mrs. George de Horne Vaizey,1915,Mrs. George de Horne Vaizey,21098
725,a college girl,Mrs. George de Horne Vaizey,1913,Mrs. George de Horne Vaizey,21110
616,twice-told tales,Nathaniel Hawthorne,1837,Nathaniel Hawthorne,508
135,the scarlet letter,Nathaniel Hawthorne,1850,Nathaniel Hawthorne,33
544,the house of the seven gables,Nathaniel Hawthorne,1851,Nathaniel Hawthorne,77
723,kokoro,Natsume Sōseki,1914,Lafcadio Hearn,8882
422,molly brown's freshman days,Nell Speed,1912,Nell Speed,36684
421,at boarding school with the tucker twins,Nell Speed,1915,Nell Speed,36018
666,six months in mexico,Nellie Bly,2010,Nellie Bly,49314
80,the prince,Niccolò Machiavelli,1513,Nicolo Machiavelli,1232
68,dead souls,Nikolai Gogol,1842,Nikolai Vasilievich Gogol,1081
151,the gift of the magi,O. Henry,1905,O. Henry,7256
288,the vicar of wakefield,Oliver Goldsmith,1766,Oliver Goldsmith,2667
325,she stoops to conquer,Oliver Goldsmith,1773,Oliver Goldsmith,383
661,what jesus taught,Osborne John Peter Widtsoe,2016,Osborne J. P. Widtsoe,54292
603,the soul of man under socialism,Oscar Wilde,1891,Oscar Wilde,1017
381,de profundis,Oscar Wilde,1905,Oscar Wilde,921
573,the happy prince,Oscar Wilde,1888,Oscar Wilde,902
349,an ideal husband,Oscar Wilde,1893,Oscar Wilde,885
67,the importance of being earnest,Oscar Wilde,1895,Oscar Wilde,844
200,lady windermere's fan,Oscar Wilde,1893,Oscar Wilde,790
231,the happy prince and other tales,Oscar Wilde,1888,Oscar Wilde,30120
5,the picture of dorian gray,Oscar Wilde,1890,Oscar Wilde,174
150,the canterville ghost,Oscar Wilde,1887,Oscar Wilde,14522
534,indiscretions of archie,P.G. Wodehouse,1921,P. G. Wodehouse,3756
138,right ho jeeves,P.G. Wodehouse,1934,P. G. Wodehouse,10554
28,my man jeeves,P.G. Wodehouse,1919,P. G. Wodehouse,8164
533,the adventures of sally,P.G. Wodehouse,1922,P. G. Wodehouse,7464
623,autobiography of a yogi,Paramahansa Yogananda,1946,Paramhansa Yogananda,7452
742,adonais,Percy Bysshe Shelley,1971,Shelley,10119
188,second variety,Philip K. Dick,1953,Philip Kindred Dick,32032
885,the eyes have it,Philip K. Dick,1953,James McKimmey,30438
558,confessions of a thug,Philip Meadows Taylor,1839,Philip Meadows Taylor,44881
104,the republic,Plato,380,Plato,1497
283,the symposium,Plato,385,Xenophon,1181
877,security,Poul Anderson,1953,Poul William Anderson,22239
875,sentiment inc,Poul Anderson,1953,Poul William Anderson,37653
480,lorna doone,R.D. Blackmore,1869,R. D. Blackmore,17460
397,the coral island,R.M. Ballantyne,1857,R. M. Ballantyne,7124
140,scaramouche,Rafael Sabatini,1921,Rafael Sabatini,1947
263,captain blood,Rafael Sabatini,1922,Rafael Sabatini,1965
652,bardelys the magnificent,Rafael Sabatini,1905,Rafael Sabatini,2389
361,the return of the soldier,Rebecca West,1918,Rebecca West,37189
649,the spoilers,Rex Beach,1905,Rex Beach,5076
808,the metamorphoses of ovid,"Riley, Henry T. (Henry Thomas)",2010,Publius Ovidius Naso,26073
780,the sword maker,Robert Barr,1910,Robert Barr,14656
639,red nails,Robert E. Howard,1936,Robert E. Howard,32759
906,north of boston,Robert Frost,1914,Robert Frost,3026
251,kidnapped,Robert Louis Stevenson,1886,Robert Louis Stevenson,421
11,treasure island,Robert Louis Stevenson,1882,Robert Louis Stevenson,120
862,island nights' entertainments,Robert Louis Stevenson,1893,Robert Louis Stevenson,329
354,the wrong box,Robert Louis Stevenson,1889,Robert Louis Stevenson and Lloyd Osbourne,1585
13,the strange case of dr jekyll and mr hyde,Robert Louis Stevenson,1886,Robert Louis Stevenson,42
272,the king in yellow,Robert W. Chambers,1895,Robert W. Chambers,8492
881,just so stories,Rudyard Kipling,1902,Rudyard Kipling,2781
637,rewards and fairies,Rudyard Kipling,1910,Rudyard Kipling,556
238,the jungle book,Rudyard Kipling,1894,Rudyard Kipling,236
204,captains courageous,Rudyard Kipling,1897,Rudyard Kipling,2186
230,kim,Rudyard Kipling,1901,Rudyard Kipling,2226
244,the man who would be king,Rudyard Kipling,1888,Rudyard Kipling,8147
598,curious myths of the middle ages,Sabine Baring-Gould,1868,Sabine Baring-Gould,36127
206,the way of all flesh,Samuel Butler,1903,Samuel Butler,2084
454,erewhon,Samuel Butler,1872,Samuel Butler,1906
855,the great panjandrum himself,Samuel Foote,1885,Samuel Foote,18417
496,the rime of the ancient mariner,Samuel Taylor Coleridge,1798,Samuel Taylor Coleridge,151
491,the quest of the sacred slipper,Sax Rohmer,1914,Sax Rohmer,2126
373,winesburg ohio,Sherwood Anderson,1919,Sherwood Anderson,416
226,main street,Sinclair Lewis,1920,Sinclair Lewis,543
559,twelve years a slave,Solomon Northup,1853,Solomon Northup,45631
921,oedipus at colonus,Sophocles,401,Sophocles,39382
886,a gentleman of france,Stanley J. Weyman,1893,Stanley Weyman,1939
119,the red and the black,Stendhal,1830,Stendhal,44747
163,the red badge of courage,Stephen Crane,1895,Stephen Carne,73
549,maggie a girl of the streets,Stephen Crane,1892,Stephen Crane,447
704,sunshine sketches of a little town,Stephen Leacock,1912,Stephen Leacock,3533
618,the forest,Stewart Edward White,2012,Stewart Edward White,9376
171,the art of war,Sun Tzu,500,Sun Tzu,132
898,what katy did next,Susan Coolidge,1886,Susan Coolidge,8995
899,clover,Susan Coolidge,1888,Susan Coolidge,15798
896,what katy did at school,Susan Coolidge,1873,Susan Coolidge,5141
733,the waste land,T.S. Eliot,1922,T. S. Eliot,1321
130,sister carrie,Theodore Dreiser,1900,Theodore Dreiser,233
878,quite so,Thomas Bailey Aldrich,2011,Thomas Bailey Aldrich,23359
338,sartor resartus,Thomas Carlyle,1834,Thomas Carlyle,1051
125,far from the madding crowd,Thomas Hardy,1874,Thomas Hardy,27
724,the woodlanders,Thomas Hardy,1887,Thomas Hardy,482
156,tess of the d'urbervilles,Thomas Hardy,1891,Thomas Hardy,110
346,the return of the native,Thomas Hardy,1878,Thomas Hardy,17500
336,jude the obscure,Thomas Hardy,1895,Thomas Hardy,153
310,the mayor of casterbridge,Thomas Hardy,1886,Thomas Hardy,143
714,two on a tower,Thomas Hardy,1882,Thomas Hardy,3146
492,the hand of ethelberta,Thomas Hardy,1876,Thomas Hardy,3469
103,leviathan,Thomas Hobbes,1651,Thomas Hobbes,3207
196,utopia,Thomas More,1516,Thomas More,2130
604,the age of reason,Thomas Paine,1794,Thomas Paine,3743
562,common sense,Thomas Paine,1776,Thomas Paine,147
673,the burgess bird book for children,Thornton W. Burgess,1919,Thornton W. Burgess,3074
547,old mother west wind,Thornton W. Burgess,1910,Thornton W. Burgess,2557
176,the theory of the leisure class,Thorstein Veblen,1899,Thorstein Veblen,833
412,the expedition of humphry clinker,Tobias Smollett,1771,Tobias Smollett,2160
936,the adventures of roderick random,Tobias Smollett,1748,Tobias Smollett,4085
581,the mabinogion,Unknown,1410,Lady Charlotte Guest,5160
569,the song of roland,Unknown,1100,Anonymous,391
364,the nibelungenlied,Unknown,1200,Unknown,1151
385,beowulf,Unknown,975,Anonymous,981
546,the illustrated alphabet of birds,Unknown,2004,Unknown,11073
66,the jungle,Upton Sinclair,1906,Upton Sinclair,140
615,the king's daughter and other stories for girls,Various,1910,Various,13126
663,astounding stories april 1931,Various,2010,Various,30452
789,the magic ring and other stories,Various,2015,Various,48032
613,tom swift among the fire fighters,Victor Appleton,1921,Victor Appleton,1363
614,tom swift and his undersea search,Victor Appleton,1920,Victor Appleton,1362
127,the aeneid,Virgil,19,Virgil,227
764,the voyage out,Virginia Woolf,1915,Virginia Woolf,144
655,night and day,Virginia Woolf,1919,Virginia Woolf,1245
275,jacob's room,Virginia Woolf,1922,Virginia Woolf,5670
95,candide,Voltaire,1759,Voltaire,19942
715,twenty-five ghost stories,W. Bob Holland,1950,W. Bob Holland                            ,53419
352,of human bondage,W. Somerset Maugham,1915,W. Somerset Maugham,351
612,mrs craddock,W. Somerset Maugham,1902,W. Somerset Maugham,47470
905,the countess cathleen,W.B. Yeats,1892,William Butler Yeats,5167
563,the souls of black folk,W.E.B. Du Bois,1903,W. E. B. Du Bois,408
887,the quest of the silver fleece,W.E.B. Du Bois,1911,W. E. B. Du Bois,15265
308,the monkey's paw,W.W. Jacobs,1902,W.W. Jacobs,12122
772,the fairy-faith in celtic countries,W.Y. Evans-Wentz,1903,W. Y. Evans Wentz,34853
185,leaves of grass,Walt Whitman,1855,Walt Whitman,1322
904,walter crane's painting book,Walter Crane,1889,Walter Crane,50614
770,the absurd abc,Walter Crane,2005,Walter Crane,17283
161,ivanhoe,Walter Scott,1819,Walter Scott,82
133,the legend of sleepy hollow,Washington Irving,1820,Washington Irving,41
722,abbotsford and newstead abbey,Washington Irving,1835,Washington Irving,7948
713,basil,Wilkie Collins,1852,Wilkie Collins,4605
343,no name,Wilkie Collins,1862,Wilkie Collins,1438
445,the law and the lady,Wilkie Collins,1875,Wilkie Collins,1622
495,the frozen deep,Wilkie Collins,1874,Wilkie Collins,1625
708,the queen of hearts,Wilkie Collins,1859,Wilkie Collins,1917
712,blind love,Wilkie Collins,1890,Wilkie Collins,7890
21,the moonstone,Wilkie Collins,1868,Wilkie Collins,155
400,poor miss finch,Wilkie Collins,1872,Wilkie Collins,3632
69,the woman in white,Wilkie Collins,1859,Wilkie Collins,583
366,armadale,Wilkie Collins,1866,Wilkie Collins,1895
692,i say no,Wilkie Collins,1884,Wilkie Collins,1629
912,king solomon's goat,Willard Bartlett,2015,Willard Bartlett,50368
799,vathek,William Beckford,1786,William Beckford,42401
620,old cookery books and ancient cuisine,William Carew Hazlitt,1902,William Carew Hazlitt,12293
609,cottage economy,William Cobbett,1823,William Cobbett,32863
922,the rise of silas lapham,William Dean Howells,1885,William Dean Howells,154
552,idle hours in a library,William Henry Hudson,1897,William Henry Hudson,56659
806,green mansions,William Henry Hudson,1904,W. H. Hudson,942
147,the house on the borderland,William Hope Hodgson,1908,William Hope Hodgson,10002
286,the night land,William Hope Hodgson,1912,William Hope Hodgson,10662
871,carnacki the ghost finder,William Hope Hodgson,1913,William Hope Hodgson,10832
107,vanity fair,William Makepeace Thackeray,1848,William Makepeace Thackeray,599
763,the history of henry esmond esq,William Makepeace Thackeray,1852,W. M. Thackeray,2511
582,the well at the world's end,William Morris,1896,William Morris,169
584,news from nowhere,William Morris,1890,William Morris,3261
509,romeo and juliet,William Shakespeare,1597,William Shakespeare,1112
934,shakespeare's sonnets,William Shakespeare,1609,William Shakespeare,1041
307,othello,William Shakespeare,1603,William Shakespeare,1793
568,the winter's tale,William Shakespeare,1611,William Shakespeare,1134
941,a midsummer night's dream,William Shakespeare,1595,William Shakespeare,1113
697,much ado about nothing,William Shakespeare,1598,William Shakespeare,1118
796,coriolanus,William Shakespeare,1605,William Shakespeare,1535
299,twelfth night,William Shakespeare,1601,William Shakespeare,1526
222,hamlet,William Shakespeare,1603,William Shakespeare,1524
319,macbeth,William Shakespeare,1606,William Shakespeare,1129
933,the tempest,William Shakespeare,1623,William Shakespeare,1135
688,from dartmouth to the dardanelles,Wolstan Beaumont Charles Weld Forester,1916,Wolstan Beaumont,49243
591,the lone star ranger,Zane Grey,1914,Zane Grey,1027
706,the day of the beast,Zane Grey,1922,Zane Grey,15673
536,riders of the purple sage,Zane Grey,1912,Zane Grey,1300
