Editha's Burglar,Frances Hodgson Burnett,56692,http://www.gutenberg.org/files/56692/56692.txt
Guild Court,George MacDonald,56176,http://www.gutenberg.org/cache/epub/56176/pg56176.txt
Aventures d'Alice au pays des merveilles,Lewis Carroll,55456,http://www.gutenberg.org/files/55456/55456-0.txt
Uusi Odysseus,Jack London,55184,http://www.gutenberg.org/cache/epub/55184/pg55184.txt
The Birthplace,Henry James,55078,http://www.gutenberg.org/files/55078/55078.txt
The Nursery Alice,Lewis Carroll,55040,http://www.gutenberg.org/files/55040/55040-0.txt
Kadonnut pikajuna,Arthur Conan Doyle,54933,http://www.gutenberg.org/cache/epub/54933/pg54933.txt
Round the Fire Stories,Arthur Conan Doyle,54109,http://www.gutenberg.org/files/54109/54109-0.txt
Hearts of Three,Jack London,54068,http://www.gutenberg.org/files/54068/54068-0.txt
"Tarzan, apinain kuningas",Edgar Rice Burroughs,53984,http://www.gutenberg.org/cache/epub/53984/pg53984.txt
Kauhun laakso II,Arthur Conan Doyle,52678,http://www.gutenberg.org/cache/epub/52678/pg52678.txt
Kauhun laakso I,Arthur Conan Doyle,52677,http://www.gutenberg.org/cache/epub/52677/pg52677.txt
The Brownie Scouts and Their Tree House,Mildred A. Wirt,52255,http://www.gutenberg.org/files/52255/52255-0.txt
The Brownie Scouts at Windmill Farm,Mildred A. Wirt,52254,http://www.gutenberg.org/files/52254/52254-0.txt
Vainottu,Arthur Conan Doyle,52253,http://www.gutenberg.org/cache/epub/52253/pg52253.txt
The Brownie Scouts at Silver Beach,Mildred A. Wirt,51696,http://www.gutenberg.org/files/51696/51696-0.txt
The Brownie Scouts in the Cherry Festival,Mildred A. Wirt,51693,http://www.gutenberg.org/files/51693/51693-0.txt
A Woman of No Importance,Oscar Wilde,51563,http://www.gutenberg.org/files/51563/51563.txt
Slechte Tijden,Charles Dickens,50771,http://www.gutenberg.org/cache/epub/50771/pg50771.txt
Two Little Pilgrims' Progress,Frances Hodgson Burnett,50471,http://www.gutenberg.org/files/50471/50471-0.txt
Veljekset,Robert Louis Stevenson,50222,http://www.gutenberg.org/cache/epub/50222/pg50222.txt
Musta nuoli,Robert Louis Stevenson,50215,http://www.gutenberg.org/cache/epub/50215/pg50215.txt
The Mysterious Stranger,Mark Twain,50109,http://www.gutenberg.org/files/50109/50109-0.txt
Little Lord Fauntleroy (abridged),Frances Hodgson Burnett,49579,http://www.gutenberg.org/cache/epub/49579/pg49579.txt
Sylvie and Bruno Concluded,Lewis Carroll,48795,http://www.gutenberg.org/files/48795/48795-0.txt
Sylvie and Bruno,Lewis Carroll,48630,http://www.gutenberg.org/files/48630/48630-0.txt
Scorn of Women,Jack London,48474,http://www.gutenberg.org/files/48474/48474.txt
Luotsina Mississippi-joella,Mark Twain,48397,http://www.gutenberg.org/cache/epub/48397/pg48397.txt
Kadotuksen kansa,Jack London,48172,http://www.gutenberg.org/cache/epub/48172/pg48172.txt
Tuliliemen tuttavana,Jack London,48048,http://www.gutenberg.org/cache/epub/48048/pg48048.txt
Kultaa ja kuntoa,Jack London,48047,http://www.gutenberg.org/cache/epub/48047/pg48047.txt
"Oliver Twist, Vol. III of 3",Charles Dickens,47531,http://www.gutenberg.org/files/47531/47531-0.txt
"Oliver Twist, Vol. II of 3",Charles Dickens,47530,http://www.gutenberg.org/files/47530/47530-0.txt
"Oliver Twist, Vol. I of 3",Charles Dickens,47529,http://www.gutenberg.org/files/47529/47529-0.txt
The Coming of the Fairies,Arthur Conan Doyle,47506,http://www.gutenberg.org/files/47506/47506.txt
Tom Sawyer ilmailija,Mark Twain,47411,http://www.gutenberg.org/cache/epub/47411/pg47411.txt
Tom Sawyer salapoliisina,Mark Twain,47410,http://www.gutenberg.org/cache/epub/47410/pg47410.txt
Martin Eden,Jack London,47155,http://www.gutenberg.org/cache/epub/47155/pg47155.txt
Onnellinen prinssi,Oscar Wilde,46922,http://www.gutenberg.org/cache/epub/46922/pg46922.txt
"Oliver Twist, Illustrated",Charles Dickens,46675,http://www.gutenberg.org/files/46675/46675.txt
Toisen tahran tarina,Arthur Conan Doyle,45335,http://www.gutenberg.org/cache/epub/45335/pg45335.txt
Tom Sawyer,Mark Twain,45333,http://www.gutenberg.org/cache/epub/45333/pg45333.txt
The Story of a Fierce Bad Rabbit,Beatrix Potter,45265,http://www.gutenberg.org/files/45265/45265.txt
The Tale of Two Bad Mice,Beatrix Potter,45264,http://www.gutenberg.org/files/45264/45264.txt
Aarresaari,Robert Louis Stevenson,44339,http://www.gutenberg.org/cache/epub/44339/pg44339.txt
Jerin veli,Jack London,43258,http://www.gutenberg.org/cache/epub/43258/pg43258.txt
Jeri,Jack London,43161,http://www.gutenberg.org/cache/epub/43161/pg43161.txt
The Personal History of David Copperfield,Charles Dickens,43111,http://www.gutenberg.org/files/43111/43111.txt
"George Eliot's Life, Vol. III (of 3)",George Eliot,43045,http://www.gutenberg.org/files/43045/43045.txt
"George Eliot's Life, Vol. II (of 3)",George Eliot,43044,http://www.gutenberg.org/files/43044/43044.txt
"George Eliot's Life, Vol. I (of 3)",George Eliot,43043,http://www.gutenberg.org/files/43043/43043.txt
The Good Wolf,Frances Hodgson Burnett,42920,http://www.gutenberg.org/files/42920/42920.txt
Pride and Prejudice,Jane Austen,42671,http://www.gutenberg.org/files/42671/42671.txt
The Two Magics: The Turn of the Screw & Covering End,Henry James,42486,http://www.gutenberg.org/files/42486/42486.txt
The Cozy Lion,Frances Hodgson Burnett,42366,http://www.gutenberg.org/files/42366/42366.txt
A Child's Dream of a Star,Charles Dickens,42232,http://www.gutenberg.org/files/42232/42232.txt
Children in Prison and Other Cruelties of Prison Life,Oscar Wilde,42104,http://www.gutenberg.org/files/42104/42104.txt
The Letters of Jane Austen,Jane Austen,42078,http://www.gutenberg.org/files/42078/42078.txt
Impressions of America,Oscar Wilde,41806,http://www.gutenberg.org/files/41806/41806.txt
Dan Carter and the River Camp,Mildred A. Wirt,41262,http://www.gutenberg.org/files/41262/41262.txt
Dan Carter and the Money Box,Mildred A. Wirt,41261,http://www.gutenberg.org/files/41261/41261.txt
Dan Carter Cub Scout,Mildred A. Wirt,41260,http://www.gutenberg.org/files/41260/41260.txt
Dan Carter and the Haunted Castle,Mildred A. Wirt,41259,http://www.gutenberg.org/files/41259/41259.txt
"Felix Holt, The Radical",George Eliot,40882,http://www.gutenberg.org/files/40882/40882.txt
Barty Crusoe and His Man Saturday,Frances Hodgson Burnett,40764,http://www.gutenberg.org/files/40764/40764.txt
The Battle of Life,Charles Dickens,40723,http://www.gutenberg.org/files/40723/40723.txt
Dan Carter and the Great Carved Face,Mildred A. Wirt,40722,http://www.gutenberg.org/files/40722/40722.txt
Dan Carter and the Cub Honor,Mildred A. Wirt,40721,http://www.gutenberg.org/files/40721/40721.txt
The Wanderings of a Spiritualist,Arthur Conan Doyle,39718,http://www.gutenberg.org/files/39718/39718.txt
Paris and the Parisians in 1835 (Vol. 2 of 2),Frances Trollope,39710,http://www.gutenberg.org/cache/epub/39710/pg39710.txt
The Letters of Henry James (volume I),Henry James,38776,http://www.gutenberg.org/files/38776/38776.txt
Croxley Master: A Great Tale Of The Prize Ring,Arthur Conan Doyle,38443,http://www.gutenberg.org/files/38443/38443.txt
Notes of a Son and Brother,Henry James,38424,http://www.gutenberg.org/files/38424/38424.txt
The Guards Came Through and Other Poems,Arthur Conan Doyle,38071,http://www.gutenberg.org/files/38071/38071.txt
Eight or Nine Wise Words about Letter-Writing,Lewis Carroll,38065,http://www.gutenberg.org/files/38065/38065.txt
"The Letters of Henry James, Vol. II",Henry James,38035,http://www.gutenberg.org/files/38035/38035.txt
Raison et Sensibilit?tome quatri?),Jane Austen,37634,http://www.gutenberg.org/cache/epub/37634/pg37634.txt
Lady Barbarina,Henry James,37627,http://www.gutenberg.org/files/37627/37627-0.txt
The Cricket on the Hearth,Charles Dickens,37581,http://www.gutenberg.org/files/37581/37581.txt
Within the Rim and Other Essays,Henry James,37425,http://www.gutenberg.org/files/37425/37425.txt
Views and Reviews,Henry James,37424,http://www.gutenberg.org/files/37424/37424.txt
A Little Princess,Frances Hodgson Burnett,37332,http://www.gutenberg.org/files/37332/37332.txt
Charles Dickens' Children Stories,Charles Dickens,37121,http://www.gutenberg.org/files/37121/37121.txt
The Princess and Curdie,George MacDonald,36612,http://www.gutenberg.org/files/36612/36612.txt
The Widow Barnaby,Frances Trollope,36563,http://www.gutenberg.org/files/36563/36563.txt
The Widow Barnaby,Frances Trollope,36562,http://www.gutenberg.org/files/36562/36562.txt
The Widow Barnaby,Frances Trollope,36561,http://www.gutenberg.org/files/36561/36561.txt
La guardia blanca,Arthur Conan Doyle,36453,http://www.gutenberg.org/cache/epub/36453/pg36453.txt
A Princess of Mars,Edgar Rice Burroughs,36102,LINK NOT FOUND
Rodney Stone,Arthur Conan Doyle,36050,LINK NOT FOUND
A Lowden Sabbath Morn,Robert Louis Stevenson,35546,http://www.gutenberg.org/files/35546/35546.txt
The Poems and Verses of Charles Dickens,Charles Dickens,35536,http://www.gutenberg.org/files/35536/35536.txt
Feeding the Mind,Lewis Carroll,35535,http://www.gutenberg.org/files/35535/35535.txt
Three Sunsets and Other Poems,Lewis Carroll,35497,http://www.gutenberg.org/files/35497/35497.txt
Louisiana,Frances Hodgson Burnett,35300,http://www.gutenberg.org/files/35300/35300.txt
Raison et sensibilit?tome troisi?),Jane Austen,35163,http://www.gutenberg.org/cache/epub/35163/pg35163.txt
Raison et sensibilit?tome second),Jane Austen,35151,http://www.gutenberg.org/cache/epub/35151/pg35151.txt
Swamp Island,Mildred A. Wirt,35083,http://www.gutenberg.org/files/35083/35083.txt
Saboteurs on the River,Mildred A. Wirt,35082,http://www.gutenberg.org/files/35082/35082.txt
Whispering Walls,Mildred A. Wirt,34975,http://www.gutenberg.org/files/34975/34975.txt
Signal in the Dark,Mildred A. Wirt,34850,http://www.gutenberg.org/files/34850/34850.txt
Voice from the Cave,Mildred A. Wirt,34832,http://www.gutenberg.org/files/34832/34832.txt
Guilt of the Brass Thieves,Mildred A. Wirt,34831,http://www.gutenberg.org/files/34831/34831.txt
Intentions,Oscar Wilde,34767,http://www.gutenberg.org/files/34767/34767-0.txt
Hoofbeats on the Turnpike,Mildred A. Wirt,34691,http://www.gutenberg.org/files/34691/34691.txt
The Wishing Well,Mildred A. Wirt,34689,http://www.gutenberg.org/files/34689/34689.txt
The Secret Pact,Mildred A. Wirt,34682,http://www.gutenberg.org/files/34682/34682.txt
Behind the Green Door,Mildred A. Wirt,34592,http://www.gutenberg.org/files/34592/34592.txt
Clue of the Silken Ladder,Mildred A. Wirt,34591,http://www.gutenberg.org/files/34591/34591.txt
Danger at the Drawbridge,Mildred A. Wirt,34552,http://www.gutenberg.org/files/34552/34552.txt
The Clock Strikes Thirteen,Mildred A. Wirt,34403,http://www.gutenberg.org/files/34403/34403.txt
Ghost Beyond the Gate,Mildred A. Wirt,34395,http://www.gutenberg.org/files/34395/34395.txt
The Princess and the Goblin,George MacDonald,34339,http://www.gutenberg.org/files/34339/34339.txt
Rhyme? And Reason?,Lewis Carroll,33582,http://www.gutenberg.org/files/33582/33582.txt
The Spoils of Poynton,Henry James,33325,http://www.gutenberg.org/files/33325/33325.txt
"The Treaty With China, its Provisions Explained",Mark Twain,33077,http://www.gutenberg.org/files/33077/33077-0.txt
The Black Arrow,Robert Louis Stevenson,32954,http://www.gutenberg.org/files/32954/32954.txt
The Sacred Fount,Henry James,32939,http://www.gutenberg.org/files/32939/32939.txt
The Middle Years,Henry James,32649,http://www.gutenberg.org/files/32649/32649.txt
The Adventures of Huckleberry Finn,Mark Twain,32325,http://www.gutenberg.org/files/32325/32325.txt
The Complete Project Gutenberg Works of Jane Austen,Jane Austen,31100,http://www.gutenberg.org/files/31100/31100.txt
Les Aventures De Tom Sawyer,Mark Twain,30890,http://www.gutenberg.org/cache/epub/30890/pg30890.txt
"Works of Robert Louis Stevenson, Volume XXI",Robert Louis Stevenson,30650,http://www.gutenberg.org/files/30650/30650.txt
"Works of Robert Louis Stevenson, Volume XV",Robert Louis Stevenson,30643,http://www.gutenberg.org/files/30643/30643.txt
"Works of Robert Louis Stevenson, Volume 9",Robert Louis Stevenson,30598,http://www.gutenberg.org/files/30598/30598.txt
The Works of Robert Louis Stevenson,Robert Louis Stevenson,30393,http://www.gutenberg.org/files/30393/30393.txt
A Christmas Carol,Charles Dickens,30368,http://www.gutenberg.org/files/30368/30368.txt
A Critic in Pall Mall,Oscar Wilde,30191,http://www.gutenberg.org/files/30191/30191.txt
Die Abenteuer Tom Sawyers,Mark Twain,30165,http://www.gutenberg.org/cache/epub/30165/pg30165.txt
The Happy Prince and Other Tales,Oscar Wilde,30120,http://www.gutenberg.org/files/30120/30120.txt
"The Wings of the Dove, Volume II",Henry James,30059,http://www.gutenberg.org/files/30059/30059.txt
The Hunting of the Snark,Lewis Carroll,29888,http://www.gutenberg.org/files/29888/29888.txt
"The Wings of the Dove, Volume 1 of 2",Henry James,29452,http://www.gutenberg.org/files/29452/29452.txt
The Gods of Mars,Edgar Rice Burroughs,29405,http://www.gutenberg.org/files/29405/29405.txt
Etienne Gerards Bedrifter,Arthur Conan Doyle,29392,http://www.gutenberg.org/cache/epub/29392/pg29392.txt
Salome en Een Florentijnsch Treurspel,Oscar Wilde,29208,http://www.gutenberg.org/cache/epub/29208/pg29208.txt
Histoire de Pierre Lapin,Beatrix Potter,29052,http://www.gutenberg.org/files/29052/29052-0.txt
A Tangled Tale,Lewis Carroll,29042,http://www.gutenberg.org/files/29042/29042.txt
Alice's Adventures in Wonderland,Lewis Carroll,28885,http://www.gutenberg.org/files/28885/28885.txt
The Works Of Mark Twain,Mark Twain,28803,http://www.gutenberg.org/files/28803/28803.txt
A Child's Garden of Verses,Robert Louis Stevenson,28722,http://www.gutenberg.org/files/28722/28722.txt
Symbolic Logic,Lewis Carroll,28696,http://www.gutenberg.org/files/28696/28696.txt
Tales of the Fish Patrol,Jack London,28693,http://www.gutenberg.org/files/28693/28693.txt
Een Kerstlied in Proza,Charles Dickens,28560,http://www.gutenberg.org/cache/epub/28560/pg28560.txt
Le avventure d'Alice nel paese delle meraviglie,Lewis Carroll,28371,http://www.gutenberg.org/cache/epub/28371/pg28371.txt
"The Essays of ""George Eliot""",George Eliot,28289,http://www.gutenberg.org/files/28289/28289.txt
A Little Tour of France,Henry James,28004,http://www.gutenberg.org/files/28004/28004.txt
Mugby Junction,Charles Dickens,27924,http://www.gutenberg.org/files/27924/27924.txt
Treasure Island,Robert Louis Stevenson,27780,http://www.gutenberg.org/files/27780/27780.txt
The Picture of Dorian Gray,Oscar Wilde,26740,http://www.gutenberg.org/files/26740/26740.txt
Vera,Oscar Wilde,26494,http://www.gutenberg.org/files/26494/26494.txt
Last of the Legions and Other Tales of Long Ago,Arthur Conan Doyle,26153,http://www.gutenberg.org/files/26153/26153.txt
A Small Boy and Others,Henry James,26115,http://www.gutenberg.org/files/26115/26115.txt
The Letters of Charles Dickens,Charles Dickens,25854,http://www.gutenberg.org/files/25854/25854.txt
The Letters of Charles Dickens,Charles Dickens,25853,http://www.gutenberg.org/files/25853/25853.txt
The Letters of Charles Dickens,Charles Dickens,25852,http://www.gutenberg.org/files/25852/25852.txt
In Connection with the De Willoughby Claim,Frances Hodgson Burnett,25810,http://www.gutenberg.org/files/25810/25810.txt
Picture and Text,Henry James,25767,http://www.gutenberg.org/files/25767/25767.txt
Vagabondia,Frances Hodgson Burnett,25727,http://www.gutenberg.org/files/25727/25727-0.txt
The Pretty Sister Of Jose,Frances Hodgson Burnett,25726,http://www.gutenberg.org/files/25726/25726.txt
That Lass O' Lowrie's,Frances Hodgson Burnett,25725,http://www.gutenberg.org/files/25725/25725.txt
A Child's Garden of Verses,Robert Louis Stevenson,25617,http://www.gutenberg.org/files/25617/25617.txt
A Child's Garden of Verses,Robert Louis Stevenson,25611,http://www.gutenberg.org/files/25611/25611.txt
A Child's Garden of Verses,Robert Louis Stevenson,25610,http://www.gutenberg.org/files/25610/25610.txt
A Child's Garden of Verses,Robert Louis Stevenson,25609,http://www.gutenberg.org/files/25609/25609.txt
A Child's Garden of Verses,Robert Louis Stevenson,25608,http://www.gutenberg.org/files/25608/25608.txt
The War in South Africa,Arthur Conan Doyle,24951,http://www.gutenberg.org/files/24951/24951.txt
"Curious, if True",Elizabeth Gaskell,24879,http://www.gutenberg.org/files/24879/24879.txt
Rautakorko,Jack London,24848,http://www.gutenberg.org/cache/epub/24848/pg24848.txt
Sara Crewe,Frances Hodgson Burnett,24772,http://www.gutenberg.org/files/24772/24772.txt
La Batalo de l' Vivo,Charles Dickens,24501,http://www.gutenberg.org/files/24501/24501.txt
A Christmas Carol,Charles Dickens,24022,http://www.gutenberg.org/files/24022/24022.txt
Captain Boldheart & the Latin-Grammar Master,Charles Dickens,23765,http://www.gutenberg.org/files/23765/23765.txt
The Trial of William Tinkling,Charles Dickens,23452,http://www.gutenberg.org/files/23452/23452.txt
Cecily Parsley's Nursery Rhymes,Beatrix Potter,23350,http://www.gutenberg.org/files/23350/23350.txt
The Magic Fishbone,Charles Dickens,23344,http://www.gutenberg.org/files/23344/23344.txt
One Day At Arle,Frances Hodgson Burnett,23330,http://www.gutenberg.org/files/23330/23330.txt
"""Le Monsieur De La Petite Dame""",Frances Hodgson Burnett,23329,http://www.gutenberg.org/files/23329/23329.txt
Esmeralda,Frances Hodgson Burnett,23328,http://www.gutenberg.org/files/23328/23328.txt
Lodusky,Frances Hodgson Burnett,23327,http://www.gutenberg.org/files/23327/23327.txt
Mere Girauds Little Daughter,Frances Hodgson Burnett,23326,http://www.gutenberg.org/files/23326/23326.txt
"""Seth""",Frances Hodgson Burnett,23325,http://www.gutenberg.org/files/23325/23325.txt
"""Surly Tim""",Frances Hodgson Burnett,23324,http://www.gutenberg.org/files/23324/23324.txt
For Love of the King,Oscar Wilde,23229,http://www.gutenberg.org/files/23229/23229.txt
Der Weihnachtsabend,Charles Dickens,22465,http://www.gutenberg.org/cache/epub/22465/pg22465.txt
The Acorn-Planter,Jack London,22104,http://www.gutenberg.org/files/22104/22104.txt
A Son Of The Sun,Jack London,21971,http://www.gutenberg.org/files/21971/21971.txt
The Scarlet Plague,Jack London,21970,http://www.gutenberg.org/files/21970/21970.txt
The Outcry,Henry James,21969,http://www.gutenberg.org/files/21969/21969.txt
The Finer Grain,Henry James,21968,http://www.gutenberg.org/files/21968/21968.txt
Theft,Jack London,21936,http://www.gutenberg.org/files/21936/21936.txt
Embarrassments,Henry James,21932,http://www.gutenberg.org/files/21932/21932-0.txt
Sense and Sensibility,Jane Austen,21839,http://www.gutenberg.org/files/21839/21839.txt
Four Meetings,Henry James,21773,http://www.gutenberg.org/files/21773/21773.txt
The Path Of Duty,Henry James,21772,http://www.gutenberg.org/files/21772/21772.txt
Georgina's Reasons,Henry James,21771,http://www.gutenberg.org/files/21771/21771.txt
The Author Of Beltraffio,Henry James,21770,http://www.gutenberg.org/files/21770/21770.txt
Songs Of The Road,Arthur Conan Doyle,21769,http://www.gutenberg.org/files/21769/21769.txt
How Lisa Loved the King,George Eliot,20813,http://www.gutenberg.org/files/20813/20813.txt
The Cricket on the Hearth,Charles Dickens,20795,http://www.gutenberg.org/files/20795/20795.txt
Derniers essais de litterature: aout 1887-1890,Oscar Wilde,20234,http://www.gutenberg.org/files/20234/20234-0.txt
The Tragic Muse,Henry James,20085,http://www.gutenberg.org/files/20085/20085.txt
Chapters from My Autobiography,Mark Twain,19987,http://www.gutenberg.org/files/19987/19987.txt
The Tale of Mr. Tod,Beatrix Potter,19805,http://www.gutenberg.org/files/19805/19805.txt
Alice's Abenteuer im Wunderland,Lewis Carroll,19778,http://www.gutenberg.org/cache/epub/19778/pg19778.txt
The Waif Woman,Robert Louis Stevenson,19750,http://www.gutenberg.org/files/19750/19750.txt
A Child's Garden of Verses,Robert Louis Stevenson,19722,http://www.gutenberg.org/files/19722/19722.txt
"The Bostonians, Vol. II (of II)",Henry James,19718,http://www.gutenberg.org/files/19718/19718.txt
A Christmas Carol,Charles Dickens,19337,http://www.gutenberg.org/files/19337/19337.txt
Alice's Adventures Under Ground,Lewis Carroll,19002,http://www.gutenberg.org/files/19002/19002.txt
Robin,Frances Hodgson Burnett,18945,http://www.gutenberg.org/files/18945/18945.txt
Alec Forbes of Howglen,George MacDonald,18810,http://www.gutenberg.org/files/18810/18810.txt
Micah Clarke - Tome III,Arthur Conan Doyle,18718,http://www.gutenberg.org/cache/epub/18718/pg18718.txt
David Copperfield II,Charles Dickens,18201,http://www.gutenberg.org/cache/epub/18201/pg18201.txt
David Copperfield I,Charles Dickens,18186,http://www.gutenberg.org/cache/epub/18186/pg18186.txt
Stories of Ships and the Sea,Jack London,18062,http://www.gutenberg.org/files/18062/18062.txt
Mark Twain: Tri Noveloj,Mark Twain,17945,http://www.gutenberg.org/files/17945/17945.txt
"Barnab, Rudge, Tome II",Charles Dickens,17880,http://www.gutenberg.org/cache/epub/17880/pg17880.txt
Scenes of Clerical Life,George Eliot,17780,http://www.gutenberg.org/files/17780/17780.txt
Les grandes esp?nces,Charles Dickens,17565,http://www.gutenberg.org/cache/epub/17565/pg17565.txt
La Aventuroj de Alicio en Mirlando,Lewis Carroll,17482,http://www.gutenberg.org/files/17482/17482.txt
The Cabman's Story,Arthur Conan Doyle,17398,http://www.gutenberg.org/files/17398/17398.txt
The Secret Garden,Frances Hodgson Burnett,17396,http://www.gutenberg.org/files/17396/17396.txt
Emily Fox-Seton,Frances Hodgson Burnett,17226,http://www.gutenberg.org/files/17226/17226.txt
The Tale of Mrs. Tittlemouse,Beatrix Potter,17089,http://www.gutenberg.org/files/17089/17089.txt
The Turtles of Tasman,Jack London,16257,http://www.gutenberg.org/files/16257/16257.txt
Le Horror Altissime,Arthur Conan Doyle,15949,http://www.gutenberg.org/files/15949/15949.txt
His Grace of Osmonde,Frances Hodgson Burnett,15651,http://www.gutenberg.org/files/15651/15651.txt
The Tale of Samuel Whiskers,Beatrix Potter,15575,http://www.gutenberg.org/files/15575/15575.txt
The Tale of Johnny Town-Mouse,Beatrix Potter,15284,http://www.gutenberg.org/files/15284/15284.txt
The Tale of the Pie and the Patty Pan,Beatrix Potter,15234,http://www.gutenberg.org/files/15234/15234.txt
La maison de la courtisane,Oscar Wilde,15150,http://www.gutenberg.org/cache/epub/15150/pg15150.txt
The Tale of Mrs. Tiggy-Winkle,Beatrix Potter,15137,http://www.gutenberg.org/files/15137/15137.txt
The Tale of Ginger and Pickles,Beatrix Potter,14877,http://www.gutenberg.org/files/14877/14877.txt
The Tale of Squirrel Nutkin,Beatrix Potter,14872,http://www.gutenberg.org/files/14872/14872.txt
The Tailor of Gloucester,Beatrix Potter,14868,http://www.gutenberg.org/files/14868/14868.txt
The Story of Miss Moppet,Beatrix Potter,14848,http://www.gutenberg.org/files/14848/14848.txt
The Tale of Tom Kitten,Beatrix Potter,14837,http://www.gutenberg.org/files/14837/14837.txt
The Tale of Jemima Puddle-Duck,Beatrix Potter,14814,http://www.gutenberg.org/files/14814/14814.txt
The Road,Jack London,14658,http://www.gutenberg.org/files/14658/14658.txt
A Daughter of the Snows,Jack London,14654,http://www.gutenberg.org/files/14654/14654.txt
The Canterville Ghost,Oscar Wilde,14522,http://www.gutenberg.org/files/14522/14522.txt
Hope of the Gospel,George MacDonald,14453,http://www.gutenberg.org/files/14453/14453.txt
Dutch Courage and Other Stories,Jack London,14449,http://www.gutenberg.org/files/14449/14449.txt
The Tale Of Benjamin Bunny,Beatrix Potter,14407,http://www.gutenberg.org/files/14407/14407.txt
The Tale Of Peter Rabbit,Beatrix Potter,14304,http://www.gutenberg.org/files/14304/14304.txt
Reviews,Oscar Wilde,14240,http://www.gutenberg.org/files/14240/14240.txt
"David Balfour, Second Part",Robert Louis Stevenson,14133,http://www.gutenberg.org/files/14133/14133.txt
The Firm of Girdlestone,Arthur Conan Doyle,13152,http://www.gutenberg.org/files/13152/13152.txt
The Tragedy of The Korosko,Arthur Conan Doyle,12555,http://www.gutenberg.org/files/12555/12555.txt
"Paul Faber, Surgeon",George MacDonald,12387,http://www.gutenberg.org/files/12387/12387.txt
Brown Wolf and Other Jack London Stories,Jack London,12336,http://www.gutenberg.org/files/12336/12336.txt
The Tale of Mrs. Tiggy-Winkle,Beatrix Potter,12103,http://www.gutenberg.org/files/12103/12103.txt
Individualisme en socialisme,Oscar Wilde,11739,http://www.gutenberg.org/files/11739/11739.txt
The Refugees,Arthur Conan Doyle,11413,http://www.gutenberg.org/files/11413/11413.txt
The Moorland Cottage,Elizabeth Cleghorn Gaskell,11371,http://www.gutenberg.org/files/11371/11371.txt
The Exploits Of Brigadier Gerard,Arthur Conan Doyle,11247,http://www.gutenberg.org/files/11247/11247.txt
The Cruise of the Dazzler,Jack London,11051,http://www.gutenberg.org/files/11051/11051.txt
Impressions of Theophrastus Such,George Eliot,10762,http://www.gutenberg.org/files/10762/10762.txt
Essays of Robert Louis Stevenson,Robert Louis Stevenson,10761,http://www.gutenberg.org/files/10761/10761.txt
Children of the Frost,Jack London,10736,http://www.gutenberg.org/files/10736/10736.txt
"The Tragedie of Hamlet, Prince of Denmark",George MacDonald,10606,http://www.gutenberg.org/files/10606/10606.txt
Uncle Bernac,Arthur Conan Doyle,10581,http://www.gutenberg.org/files/10581/10581.txt
A Hidden Life and Other Poems,George MacDonald,10578,http://www.gutenberg.org/files/10578/10578.txt
Little Saint Elizabeth and Other Stories,Frances Hodgson Burnett,10466,http://www.gutenberg.org/files/10466/10466.txt
The Green Flag,Arthur Conan Doyle,10446,http://www.gutenberg.org/files/10446/10446.txt
England's Antiphon,George MacDonald,10375,http://www.gutenberg.org/files/10375/10375.txt
The History of Gutta-Percha Willie,George MacDonald,10093,http://www.gutenberg.org/files/10093/10093.txt
A Visit to Three Fronts,Arthur Conan Doyle,9874,http://www.gutenberg.org/files/9874/9874.txt
The Vicar's Daughter,George MacDonald,9471,http://www.gutenberg.org/files/9471/9471.txt
A Dish Of Orts,George MacDonald,9393,http://www.gutenberg.org/files/9393/9393.txt
Ranald Bannerman's Boyhood,George MacDonald,9301,http://www.gutenberg.org/files/9301/9301.txt
Stephen Archer and Other Tales,George MacDonald,9191,http://www.gutenberg.org/files/9191/9191.txt
Wilfrid Cumbermede,George MacDonald,9183,http://www.gutenberg.org/files/9183/9183.txt
Heather and Snow,George MacDonald,9155,http://www.gutenberg.org/files/9155/9155.txt
Salted With Fire,George MacDonald,9154,http://www.gutenberg.org/files/9154/9154.txt
Miracles of Our Lord,George MacDonald,9103,http://www.gutenberg.org/files/9103/9103.txt
Weighed and Wanting,George MacDonald,9096,http://www.gutenberg.org/files/9096/9096.txt
Unspoken Sermons,George MacDonald,9057,http://www.gutenberg.org/files/9057/9057.txt
Far Above Rubies,George MacDonald,8955,http://www.gutenberg.org/files/8955/8955.txt
Rampolli,George MacDonald,8949,http://www.gutenberg.org/files/8949/8949.txt
The Elect Lady,George MacDonald,8944,http://www.gutenberg.org/files/8944/8944.txt
"Adela Cathcart, Vol. 3",George MacDonald,8943,http://www.gutenberg.org/files/8943/8943.txt
"Adela Cathcart, Vol. 2",George MacDonald,8929,http://www.gutenberg.org/files/8929/8929.txt
Home Again,George MacDonald,8924,http://www.gutenberg.org/files/8924/8924.txt
The Portent and Other Stories,George MacDonald,8913,http://www.gutenberg.org/files/8913/8913.txt
The Flight of the Shadow,George MacDonald,8902,http://www.gutenberg.org/files/8902/8902.txt
"Adela Cathcart, Vol. 1",George MacDonald,8892,http://www.gutenberg.org/files/8892/8892.txt
A Rough Shaking,George MacDonald,8886,http://www.gutenberg.org/files/8886/8886.txt
There and Back,George MacDonald,8879,http://www.gutenberg.org/files/8879/8879.txt
The Last Galley,Arthur Conan Doyle,8727,http://www.gutenberg.org/files/8727/8727.txt
Tales of Terror and Mystery,Arthur Conan Doyle,8621,LINK NOT FOUND
The Prince and The Pauper,Mark Twain,8611,LINK NOT FOUND
"The Seaboard Parish, Complete",George MacDonald,8562,http://www.gutenberg.org/files/8562/8562.txt
Seaboard Parish Vol. 3,George MacDonald,8553,http://www.gutenberg.org/files/8553/8553.txt
Seaboard Parish Vol. 2,George MacDonald,8552,http://www.gutenberg.org/files/8552/8552.txt
Seaboard Parish Vol. 1,George MacDonald,8551,http://www.gutenberg.org/files/8551/8551.txt
The Doings Of Raffles Haw,Arthur Conan Doyle,8394,http://www.gutenberg.org/files/8394/8394.txt
Mary Marston,George MacDonald,8201,http://www.gutenberg.org/files/8201/8201.txt
The Mystery of Cloomber,Arthur Conan Doyle,7964,http://www.gutenberg.org/files/7964/7964.txt
Quotes and Images From The Works of Mark Twain,Mark Twain,7556,http://www.gutenberg.org/files/7556/7556.txt
The Reverberator,Henry James,7529,http://www.gutenberg.org/files/7529/7529.txt
Daniel Deronda,George Eliot,7469,http://www.gutenberg.org/files/7469/7469-0.txt
"A Connecticut Yankee in King Arthur's Court, Part 9",Mark Twain,7250,http://www.gutenberg.org/files/7250/7250.txt
"A Connecticut Yankee in King Arthur's Court, Part 8",Mark Twain,7249,http://www.gutenberg.org/files/7249/7249.txt
"A Connecticut Yankee in King Arthur's Court, Part 7",Mark Twain,7248,http://www.gutenberg.org/files/7248/7248.txt
"A Connecticut Yankee in King Arthur's Court, Part 6",Mark Twain,7247,http://www.gutenberg.org/files/7247/7247.txt
"A Connecticut Yankee in King Arthur's Court, Part 5",Mark Twain,7246,http://www.gutenberg.org/files/7246/7246.txt
"A Connecticut Yankee in King Arthur's Court, Part 4",Mark Twain,7245,http://www.gutenberg.org/files/7245/7245.txt
"A Connecticut Yankee in King Arthur's Court, Part 3",Mark Twain,7244,http://www.gutenberg.org/files/7244/7244.txt
"A Connecticut Yankee in King Arthur's Court, Part 2",Mark Twain,7243,http://www.gutenberg.org/files/7243/7243.txt
"A Connecticut Yankee in King Arthur's Court, Part 1",Mark Twain,7242,http://www.gutenberg.org/files/7242/7242.txt
What Maisie Knew,Henry James,7118,http://www.gutenberg.org/files/7118/7118.txt
"Adventures of Huckleberry Finn, Part 8",Mark Twain,7107,http://www.gutenberg.org/files/7107/7107.txt
"Adventures of Huckleberry Finn, Part 7",Mark Twain,7106,http://www.gutenberg.org/files/7106/7106.txt
"Adventures of Huckleberry Finn, Part 6",Mark Twain,7105,http://www.gutenberg.org/files/7105/7105.txt
"Adventures of Huckleberry Finn, Part 5",Mark Twain,7104,http://www.gutenberg.org/files/7104/7104.txt
"Adventures of Huckleberry Finn, Part 4",Mark Twain,7103,http://www.gutenberg.org/files/7103/7103.txt
"Adventures of Huckleberry Finn, Part 3",Mark Twain,7102,http://www.gutenberg.org/files/7102/7102.txt
"Adventures of Huckleberry Finn, Part 2",Mark Twain,7101,http://www.gutenberg.org/files/7101/7101.txt
"Adventures of Huckleberry Finn, Part 1",Mark Twain,7100,http://www.gutenberg.org/files/7100/7100.txt
The Mill on the Floss,George Eliot,6688,http://www.gutenberg.org/files/6688/6688.txt
The House of Mapuhi,Jack London,6550,LINK NOT FOUND
The Head of the House of Coombe,Frances Hodgson Burnett,6491,http://www.gutenberg.org/files/6491/6491.txt
The Little Lady of the Big House,Jack London,6455,http://www.gutenberg.org/files/6455/6455.txt
Warlock o' Glenwarlock,George MacDonald,6364,http://www.gutenberg.org/files/6364/6364.txt
Italian Hours,Henry James,6354,http://www.gutenberg.org/files/6354/6354.txt
In the Closed Room,Frances Hodgson Burnett,6027,http://www.gutenberg.org/files/6027/6027.txt
"Thomas Wingfold, Curate, Complete",George MacDonald,5976,http://www.gutenberg.org/files/5976/5976.txt
"Thomas Wingfold, Curate, Vol. 3",George MacDonald,5975,http://www.gutenberg.org/files/5975/5975.txt
"Thomas Wingfold, Curate, Vol. 2",George MacDonald,5974,http://www.gutenberg.org/files/5974/5974.txt
"Thomas Wingfold, Curate, Vol. 1",George MacDonald,5973,http://www.gutenberg.org/cache/epub/5973/pg5973.txt
"What's Mine's Mine, Complete",George MacDonald,5969,http://www.gutenberg.org/files/5969/5969.txt
"What's Mine's Mine, Vol. 3 of 3",George MacDonald,5968,http://www.gutenberg.org/files/5968/5968.txt
"What's Mine's Mine, Vol. 2 of 3",George MacDonald,5967,http://www.gutenberg.org/files/5967/5967.txt
"What's Mine's Mine, Vol. 1 of 3",George MacDonald,5966,http://www.gutenberg.org/files/5966/5966.txt
"Sketches New and Old, Part 7",Mark Twain,5842,http://www.gutenberg.org/files/5842/5842.txt
"Sketches New and Old, Part 6",Mark Twain,5841,http://www.gutenberg.org/files/5841/5841.txt
"Sketches New and Old, Part 5",Mark Twain,5840,http://www.gutenberg.org/files/5840/5840.txt
"Sketches New and Old, Part 4",Mark Twain,5839,http://www.gutenberg.org/files/5839/5839.txt
"Sketches New and Old, Part 3",Mark Twain,5838,http://www.gutenberg.org/files/5838/5838.txt
"Sketches New and Old, Part 2",Mark Twain,5837,http://www.gutenberg.org/files/5837/5837.txt
"Sketches New and Old, Part 1",Mark Twain,5836,http://www.gutenberg.org/files/5836/5836.txt
"Following the Equator, Part 7",Mark Twain,5814,http://www.gutenberg.org/files/5814/5814.txt
"Following the Equator, Part 6",Mark Twain,5813,http://www.gutenberg.org/files/5813/5813.txt
"Following the Equator, Part 5",Mark Twain,5812,http://www.gutenberg.org/files/5812/5812.txt
"Following the Equator, Part 4",Mark Twain,5811,http://www.gutenberg.org/files/5811/5811.txt
"Following the Equator, Part 3",Mark Twain,5810,http://www.gutenberg.org/files/5810/5810.txt
"Following the Equator, Part 2",Mark Twain,5809,http://www.gutenberg.org/files/5809/5809.txt
"Following the Equator, Part 1",Mark Twain,5808,http://www.gutenberg.org/files/5808/5808.txt
"A Tramp Abroad, Part 7",Mark Twain,5788,http://www.gutenberg.org/files/5788/5788.txt
"A Tramp Abroad, Part 6",Mark Twain,5787,http://www.gutenberg.org/files/5787/5787.txt
"A Tramp Abroad, Part 5",Mark Twain,5786,http://www.gutenberg.org/files/5786/5786.txt
"A Tramp Abroad, Part 4",Mark Twain,5785,http://www.gutenberg.org/files/5785/5785.txt
"A Tramp Abroad, Part 3",Mark Twain,5784,http://www.gutenberg.org/files/5784/5784.txt
"A Tramp Abroad, Part 2",Mark Twain,5783,http://www.gutenberg.org/files/5783/5783.txt
"A Tramp Abroad, Part 1",Mark Twain,5782,http://www.gutenberg.org/files/5782/5782.txt
Annals of a Quiet Neighbourhood,George MacDonald,5773,http://www.gutenberg.org/files/5773/5773.txt
"St. George and St. Michael, Complete",George MacDonald,5753,http://www.gutenberg.org/files/5753/5753.txt
"St. George and St. Michael, Vol. 3",George MacDonald,5752,http://www.gutenberg.org/files/5752/5752.txt
"St. George and St. Michael, Vol. 2",George MacDonald,5751,http://www.gutenberg.org/files/5751/5751.txt
"St. George and St. Michael, Vol. 1",George MacDonald,5750,http://www.gutenberg.org/files/5750/5750.txt
Smoke Bellew,Jack London,5737,http://www.gutenberg.org/files/5737/5737.txt
"The Innocents Abroad, Part 6 of 6",Mark Twain,5693,http://www.gutenberg.org/files/5693/5693.txt
"The Innocents Abroad, Part 5 of 6",Mark Twain,5692,http://www.gutenberg.org/files/5692/5692.txt
"The Innocents Abroad, Part 4 of 6",Mark Twain,5691,http://www.gutenberg.org/files/5691/5691.txt
"The Innocents Abroad, Part 3 of 6",Mark Twain,5690,http://www.gutenberg.org/files/5690/5690.txt
"The Innocents Abroad, Part 2 of 6",Mark Twain,5689,http://www.gutenberg.org/files/5689/5689.txt
"The Innocents Abroad, Part 1 of 6",Mark Twain,5688,http://www.gutenberg.org/files/5688/5688.txt
A Double Story,George MacDonald,5676,http://www.gutenberg.org/files/5676/5676.txt
Through the Magic Door,Arthur Conan Doyle,5317,http://www.gutenberg.org/files/5317/5317.txt
My Robin,Frances Hodgson Burnett,5304,http://www.gutenberg.org/files/5304/5304.txt
The Little Hunchback Zia,Frances Hodgson Burnett,5303,http://www.gutenberg.org/files/5303/5303.txt
The Land of the Blue Flower,Frances Hodgson Burnett,5302,http://www.gutenberg.org/files/5302/5302.txt
The Sea Fogs,Robert Louis Stevenson,5272,http://www.gutenberg.org/files/5272/5272.txt
A Duet,Arthur Conan Doyle,5260,http://www.gutenberg.org/files/5260/5260-0.txt
Rodney Stone,Arthur Conan Doyle,5148,http://www.gutenberg.org/files/5148/5148-0.txt
Revolution and Other Essays,Jack London,4953,http://www.gutenberg.org/files/4953/4953.txt
The Game of Logic,Lewis Carroll,4763,http://www.gutenberg.org/files/4763/4763.txt
Late Lyrics and Earlier,Thomas Hardy,4758,http://www.gutenberg.org/files/4758/4758-0.txt
"Sylvia's Lovers, Complete",Elizabeth Gaskell,4537,http://www.gutenberg.org/files/4537/4537.txt
"Sylvia's Lovers, Vol. 3",Elizabeth Gaskell,4536,http://www.gutenberg.org/files/4536/4536.txt
"Sylvia's Lovers, Vol. 2",Elizabeth Gaskell,4535,http://www.gutenberg.org/files/4535/4535.txt
"Sylvia's Lovers, Vol. 1",Elizabeth Gaskell,4534,http://www.gutenberg.org/files/4534/4534.txt
Songs of Action,Arthur Conan Doyle,4295,http://www.gutenberg.org/files/4295/4295-0.txt
North and South,Elizabeth Cleghorn Gaskell,4276,http://www.gutenberg.org/files/4276/4276.txt
Ruth,Elizabeth Cleghorn Gaskell,4275,http://www.gutenberg.org/files/4275/4275.txt
Wives and Daughters,Elizabeth Cleghorn Gaskell,4274,http://www.gutenberg.org/files/4274/4274.txt
"The Golden Bowl, Complete",Henry James,4264,http://www.gutenberg.org/files/4264/4264.txt
"The Golden Bowl, Vol. 2",Henry James,4263,http://www.gutenberg.org/files/4263/4263.txt
"The Golden Bowl, Vol. 1",Henry James,4262,http://www.gutenberg.org/files/4262/4262.txt
The Picture of Dorian Gray,Oscar Wilde,4078,http://www.gutenberg.org/files/4078/4078.txt
The Dynasts,Thomas Hardy,4043,http://www.gutenberg.org/files/4043/4043.txt
The Valley of Fear,Arthur Conan Doyle,3776,http://www.gutenberg.org/files/3776/3776.txt
The Efficiency Expert,Edgar Rice Burroughs,3475,http://www.gutenberg.org/files/3475/3475.txt
The Hand of Ethelberta,Thomas Hardy,3469,http://www.gutenberg.org/files/3469/3469.txt
The Well-Beloved,Thomas Hardy,3326,http://www.gutenberg.org/files/3326/3326.txt
"A Laodicean, A Story of Today",Thomas Hardy,3258,http://www.gutenberg.org/files/3258/3258.txt
Moments of Vision,Thomas Hardy,3255,http://www.gutenberg.org/files/3255/3255-0.txt
The Man That Corrupted Hadleyburg and Other Stories,Mark Twain,3251,http://www.gutenberg.org/files/3251/3251-0.txt
How to Tell a Story and Others,Mark Twain,3250,http://www.gutenberg.org/files/3250/3250-0.txt
Goldsmith's Friend Abroad Again,Mark Twain,3191,http://www.gutenberg.org/files/3191/3191-0.txt
1601,Mark Twain,3190,http://www.gutenberg.org/files/3190/3190-0.txt
"Sketches New and Old, Complete",Mark Twain,3189,http://www.gutenberg.org/files/3189/3189-0.txt
Christian Science,Mark Twain,3187,http://www.gutenberg.org/files/3187/3187-0.txt
The Mysterious Stranger and Other Stories,Mark Twain,3186,http://www.gutenberg.org/files/3186/3186-0.txt
Those Extraordinary Twins,Mark Twain,3185,http://www.gutenberg.org/files/3185/3185-0.txt
Alonzo Fitz and Other Stories,Mark Twain,3184,http://www.gutenberg.org/files/3184/3184-0.txt
Some Rambling Notes of an Idle Excursion,Mark Twain,3182,http://www.gutenberg.org/files/3182/3182-0.txt
The Stolen White Elephant,Mark Twain,3181,http://www.gutenberg.org/files/3181/3181-0.txt
A Double Barrelled Detective Story,Mark Twain,3180,http://www.gutenberg.org/files/3180/3180-0.txt
The American Claimant,Mark Twain,3179,http://www.gutenberg.org/files/3179/3179-0.txt
"Roughing It, Complete",Mark Twain,3177,http://www.gutenberg.org/files/3177/3177-0.txt
"The Innocents Abroad, Complete",Mark Twain,3176,http://www.gutenberg.org/files/3176/3176-0.txt
A Burlesque Autobiography,Mark Twain,3175,http://www.gutenberg.org/files/3175/3175-0.txt
A Dog's Tale,Mark Twain,3174,http://www.gutenberg.org/files/3174/3174-0.txt
Essays on Paul Bourget,Mark Twain,3173,http://www.gutenberg.org/files/3173/3173-0.txt
Fenimore Cooper's Literary Offences,Mark Twain,3172,http://www.gutenberg.org/files/3172/3172-0.txt
In Defense of Harriet Shelley,Mark Twain,3171,http://www.gutenberg.org/files/3171/3171-0.txt
Poems of the Past and the Present,Thomas Hardy,3168,http://www.gutenberg.org/files/3168/3168-0.txt
Wessex Poems and Other Verses,Thomas Hardy,3167,http://www.gutenberg.org/files/3167/3167-0.txt
Two on a Tower,Thomas Hardy,3146,http://www.gutenberg.org/files/3146/3146.txt
The Author of Beltraffio,Henry James,3145,http://www.gutenberg.org/files/3145/3145-0.txt
The Hound of the Baskervilles,Arthur Conan Doyle,3070,http://www.gutenberg.org/files/3070/3070.txt
The Great Boer War,Arthur Conan Doyle,3069,http://www.gutenberg.org/files/3069/3069.txt
A Changed Man and Other Tales,Thomas Hardy,3058,http://www.gutenberg.org/files/3058/3058.txt
Wessex Tales,Thomas Hardy,3056,http://www.gutenberg.org/files/3056/3056.txt
A Group of Noble Dames,Thomas Hardy,3049,http://www.gutenberg.org/files/3049/3049.txt
Life's Little Ironies,Thomas Hardy,3047,http://www.gutenberg.org/files/3047/3047.txt
Desperate Remedies,Thomas Hardy,3044,http://www.gutenberg.org/files/3044/3044.txt
Time's Laughingstocks,Thomas Hardy,2997,http://www.gutenberg.org/files/2997/2997-0.txt
The Romantic Adventures of a Milkmaid,Thomas Hardy,2996,http://www.gutenberg.org/files/2996/2996-0.txt
"Following the Equator, Complete",Mark Twain,2895,http://www.gutenberg.org/files/2895/2895-0.txt
"Personal Recollections of Joan of Arc, Vol. 2",Mark Twain,2875,http://www.gutenberg.org/files/2875/2875-0.txt
"Personal Recollections of Joan of Arc, Vol. 1",Mark Twain,2874,http://www.gutenberg.org/files/2874/2874-0.txt
Washington Square,Henry James,2870,http://www.gutenberg.org/files/2870/2870-0.txt
The Point of View,Henry James,2869,http://www.gutenberg.org/cache/epub/2869/pg2869.txt
The Trumpet-Major,Thomas Hardy,2864,http://www.gutenberg.org/files/2864/2864.txt
Satires of Circumstance,Thomas Hardy,2863,http://www.gutenberg.org/files/2863/2863-0.txt
The Hound of the Baskervilles,Arthur Conan Doyle,2852,http://www.gutenberg.org/files/2852/2852.txt
Sir Nigel,Arthur Conan Doyle,2845,http://www.gutenberg.org/files/2845/2845.txt
"The Portrait of a Lady, Vol. 2 of 2",Henry James,2834,http://www.gutenberg.org/files/2834/2834.txt
"The Portrait of a Lady, Vol. 1 of 2",Henry James,2833,http://www.gutenberg.org/files/2833/2833.txt
The Pension Beaurepas,Henry James,2720,http://www.gutenberg.org/cache/epub/2720/pg2720.txt
Greville Fane,Henry James,2719,http://www.gutenberg.org/files/2719/2719-0.txt
The Chaperon,Henry James,2718,http://www.gutenberg.org/files/2718/2718-0.txt
Nona Vincent,Henry James,2717,http://www.gutenberg.org/files/2717/2717-0.txt
Sir Dominick Ferrand,Henry James,2716,http://www.gutenberg.org/files/2716/2716-0.txt
The Real Thing and Other Tales,Henry James,2715,http://www.gutenberg.org/files/2715/2715-0.txt
Under the Greenwood Tree,Thomas Hardy,2662,http://www.gutenberg.org/files/2662/2662.txt
On the Decay of the Art of Lying,Mark Twain,2572,http://www.gutenberg.org/files/2572/2572.txt
Robert Falconer,George MacDonald,2561,http://www.gutenberg.org/files/2561/2561.txt
The Doom of the Griffiths,Elizabeth Gaskell,2549,http://www.gutenberg.org/files/2549/2549-0.txt
The Poor Clare,Elizabeth Gaskell,2548,http://www.gutenberg.org/files/2548/2548-0.txt
Half a Life-time Ago,Elizabeth Gaskell,2547,http://www.gutenberg.org/files/2547/2547-0.txt
When God Laughs and Other Stories,Jack London,2545,http://www.gutenberg.org/files/2545/2545.txt
The Pocket R.L.S.,Robert Louis Stevenson,2537,http://www.gutenberg.org/files/2537/2537.txt
Eugene Pickering,Henry James,2534,http://www.gutenberg.org/files/2534/2534.txt
Round the Sofa,Elizabeth Gaskell,2533,http://www.gutenberg.org/files/2533/2533-0.txt
The Half-Brothers,Elizabeth Gaskell,2532,http://www.gutenberg.org/files/2532/2532.txt
An Accursed Race,Elizabeth Gaskell,2531,http://www.gutenberg.org/files/2531/2531.txt
My Lady Ludlow,Elizabeth Gaskell,2524,http://www.gutenberg.org/files/2524/2524.txt
A Dark Night's Work,Elizabeth Gaskell,2522,http://www.gutenberg.org/files/2522/2522.txt
Lizzie Leigh,Elizabeth Gaskell,2521,http://www.gutenberg.org/files/2521/2521.txt
T. Tembarom,Frances Hodgson Burnett,2514,http://www.gutenberg.org/files/2514/2514.txt
The Cruise of the Snark,Jack London,2512,http://www.gutenberg.org/files/2512/2512-0.txt
The Madonna of the Future,Henry James,2460,http://www.gutenberg.org/files/2460/2460.txt
The Marriages,Henry James,2436,http://www.gutenberg.org/files/2436/2436-0.txt
Donal Grant,George MacDonald,2433,http://www.gutenberg.org/files/2433/2433.txt
Is Shakespeare Dead?,Mark Twain,2431,http://www.gutenberg.org/files/2431/2431.txt
Lost Face,Jack London,2429,http://www.gutenberg.org/files/2429/2429.txt
The Patagonia,Henry James,2427,http://www.gutenberg.org/files/2427/2427.txt
The Diary of a Man of Fifty,Henry James,2426,http://www.gutenberg.org/files/2426/2426.txt
A Bundle of Letters,Henry James,2425,http://www.gutenberg.org/files/2425/2425.txt
"The House of Pride, and Other Tales of Hawaii",Jack London,2416,http://www.gutenberg.org/files/2416/2416.txt
The Mutiny of the Elsinore,Jack London,2415,http://www.gutenberg.org/files/2415/2415.txt
The Son of the Wolf,Jack London,2377,http://www.gutenberg.org/files/2377/2377.txt
Sir Gibbie,George MacDonald,2370,http://www.gutenberg.org/files/2370/2370.txt
The Beldonald Holbein,Henry James,2366,http://www.gutenberg.org/files/2366/2366.txt
His Last Bow,Arthur Conan Doyle,2350,http://www.gutenberg.org/files/2350/2350.txt
The Adventure of the Devil's Foot,Arthur Conan Doyle,2349,http://www.gutenberg.org/files/2349/2349.txt
The Disappearance of Lady Frances Carfax,Arthur Conan Doyle,2348,http://www.gutenberg.org/files/2348/2348.txt
The Adventure of the Dying Detective,Arthur Conan Doyle,2347,http://www.gutenberg.org/files/2347/2347.txt
The Adventure of the Bruce-Partington Plans,Arthur Conan Doyle,2346,http://www.gutenberg.org/files/2346/2346.txt
The Adventure of the Red Circle,Arthur Conan Doyle,2345,http://www.gutenberg.org/files/2345/2345.txt
The Adventure of the Cardboard Box,Arthur Conan Doyle,2344,http://www.gutenberg.org/files/2344/2344.txt
The Adventure of Wisteria Lodge,Arthur Conan Doyle,2343,http://www.gutenberg.org/files/2343/2343.txt
Some Short Stories,Henry James,2327,http://www.gutenberg.org/files/2327/2327.txt
Pandora,Henry James,2299,http://www.gutenberg.org/files/2299/2299-0.txt
David Elginbrod,George MacDonald,2291,http://www.gutenberg.org/files/2291/2291.txt
Brother Jacob,George Eliot,2171,http://www.gutenberg.org/files/2171/2171.txt
The Lifted Veil,George Eliot,2165,http://www.gutenberg.org/files/2165/2165.txt
A Little Tour In France,Henry James,2159,http://www.gutenberg.org/files/2159/2159.txt
Mary Barton,Elizabeth Cleghorn Gaskell,2153,http://www.gutenberg.org/files/2153/2153.txt
On the Makaloa Mat & Island Tales,Jack London,2152,http://www.gutenberg.org/cache/epub/2152/pg2152.txt
The Sign of the Four,Arthur Conan Doyle,2097,http://www.gutenberg.org/files/2097/2097.txt
Tarzan the Terrible,Edgar Rice Burroughs,2020,http://www.gutenberg.org/files/2020/2020.txt
Extracts From Adam's Diary,Mark Twain,1892,http://www.gutenberg.org/files/1892/1892.txt
The Prince and The Pauper,Mark Twain,1837,http://www.gutenberg.org/files/1837/1837-0.txt
"The Life of Charlotte Bronte, Vol. 1",Elizabeth Gaskell,1827,http://www.gutenberg.org/files/1827/1827.txt
"Michael, Brother of Jerry",Jack London,1730,http://www.gutenberg.org/files/1730/1730.txt
The People of the Abyss,Jack London,1688,http://www.gutenberg.org/files/1688/1688.txt
The Human Drift,Jack London,1669,http://www.gutenberg.org/files/1669/1669.txt
The Adventures of Sherlock Holmes,Arthur Conan Doyle,1661,http://www.gutenberg.org/files/1661/1661.txt
The God of His Fathers,Jack London,1655,http://www.gutenberg.org/files/1655/1655.txt
The Adventures of Gerard,Arthur Conan Doyle,1644,http://www.gutenberg.org/files/1644/1644.txt
Lilith,George MacDonald,1640,http://www.gutenberg.org/files/1640/1640.txt
The New Revelation,Arthur Conan Doyle,1638,http://www.gutenberg.org/files/1638/1638.txt
Smoke Bellew,Jack London,1596,http://www.gutenberg.org/files/1596/1596.txt
A Lady of Quality,Frances Hodgson Burnett,1550,http://www.gutenberg.org/files/1550/1550.txt
Some Christmas Stories,Charles Dickens,1467,http://www.gutenberg.org/files/1467/1467-0.txt
The Wreck of the Golden Mary,Charles Dickens,1465,http://www.gutenberg.org/files/1465/1465.txt
Contributions to: All The Year Round,Charles Dickens,1464,http://www.gutenberg.org/cache/epub/1464/pg1464.txt
The Valley of the Moon,Jack London,1449,http://www.gutenberg.org/files/1449/1449.txt
Miscellaneous Papers,Charles Dickens,1435,http://www.gutenberg.org/cache/epub/1435/pg1435.txt
Going into Society,Charles Dickens,1422,http://www.gutenberg.org/files/1422/1422.txt
Mrs. Lirriper's Legacy,Charles Dickens,1421,http://www.gutenberg.org/files/1421/1421.txt
Mugby Junction,Charles Dickens,1419,http://www.gutenberg.org/files/1419/1419.txt
Mrs. Lirriper's Lodgings,Charles Dickens,1416,http://www.gutenberg.org/files/1416/1416.txt
Doctor Marigold,Charles Dickens,1415,http://www.gutenberg.org/files/1415/1415.txt
Somebody's Luggage,Charles Dickens,1414,http://www.gutenberg.org/files/1414/1414.txt
Tom Tiddler's Ground,Charles Dickens,1413,http://www.gutenberg.org/files/1413/1413.txt
A Message from the Sea,Charles Dickens,1407,http://www.gutenberg.org/files/1407/1407.txt
The Perils of Certain English Prisoners,Charles Dickens,1406,http://www.gutenberg.org/files/1406/1406.txt
Tarzan the Untamed,Edgar Rice Burroughs,1401,http://www.gutenberg.org/files/1401/1401.txt
Great Expectations,Charles Dickens,1400,http://www.gutenberg.org/files/1400/1400.txt
The Holly-Tree,Charles Dickens,1394,http://www.gutenberg.org/files/1394/1394.txt
The Seven Poor Travellers,Charles Dickens,1392,http://www.gutenberg.org/files/1392/1392.txt
Pride and Prejudice,Jane Austen,1342,http://www.gutenberg.org/files/1342/1342.txt
Selected Prose of Oscar Wilde,Oscar Wilde,1338,http://www.gutenberg.org/files/1338/1338.txt
Oscar Wilde Miscellaneous,Oscar Wilde,1308,http://www.gutenberg.org/files/1308/1308-0.txt
Three Ghost Stories,Charles Dickens,1289,http://www.gutenberg.org/files/1289/1289-0.txt
Jane Eyre,Charlotte Bronte,1260,http://www.gutenberg.org/files/1260/1260.txt
The Man that Corrupted Hadleyburg,Mark Twain,1213,http://www.gutenberg.org/files/1213/1213.txt
Love And Friendship And Other Early Works,Jane Austen,1212,http://www.gutenberg.org/files/1212/1212.txt
South Sea Tales,Jack London,1208,http://www.gutenberg.org/files/1208/1208.txt
Glasses,Henry James,1195,http://www.gutenberg.org/files/1195/1195.txt
The Coxon Fund,Henry James,1193,http://www.gutenberg.org/files/1193/1193-0.txt
The Jolly Corner,Henry James,1190,http://www.gutenberg.org/files/1190/1190.txt
War of the Classes,Jack London,1187,http://www.gutenberg.org/files/1187/1187.txt
The Iron Heel,Jack London,1164,http://www.gutenberg.org/files/1164/1164.txt
Adventure,Jack London,1163,http://www.gutenberg.org/files/1163/1163.txt
The Jacket (The Star-Rover),Jack London,1162,http://www.gutenberg.org/files/1162/1162.txt
Jerry of the Islands,Jack London,1161,http://www.gutenberg.org/files/1161/1161.txt
The Game,Jack London,1160,http://www.gutenberg.org/files/1160/1160.txt
In the Cage,Henry James,1144,http://www.gutenberg.org/files/1144/1144.txt
The Faith of Men,Jack London,1096,http://www.gutenberg.org/files/1096/1096.txt
The Beast in the Jungle,Henry James,1093,http://www.gutenberg.org/files/1093/1093.txt
Moon-Face and Other Stories,Jack London,1089,http://www.gutenberg.org/files/1089/1089.txt
A Horse's Tale,Mark Twain,1086,http://www.gutenberg.org/files/1086/1086-0.txt
The Strength of the Strong,Jack London,1075,http://www.gutenberg.org/files/1075/1075-0.txt
The Sea Wolf,Jack London,1074,http://www.gutenberg.org/files/1074/1074-0.txt
Poems,Oscar Wilde,1057,http://www.gutenberg.org/files/1057/1057-0.txt
Martin Eden,Jack London,1056,http://www.gutenberg.org/files/1056/1056.txt
Extract from Captain Stormfield's Visit to Heaven,Mark Twain,1044,http://www.gutenberg.org/files/1044/1044-0.txt
The Pupil,Henry James,1032,http://www.gutenberg.org/files/1032/1032.txt
Charmides and Other Poems,Oscar Wilde,1031,http://www.gutenberg.org/files/1031/1031-0.txt
The Night-Born,Jack London,1029,http://www.gutenberg.org/files/1029/1029.txt
Bleak House,Charles Dickens,1023,http://www.gutenberg.org/files/1023/1023.txt
The Soul of Man Under Socialism,Oscar Wilde,1017,http://www.gutenberg.org/files/1017/1017-0.txt
Life And Adventures Of Martin Chuzzlewit,Charles Dickens,968,http://www.gutenberg.org/files/968/968.txt
The Life And Adventures Of Nicholas Nickleby,Charles Dickens,967,http://www.gutenberg.org/files/967/967.txt
Little Dorrit,Charles Dickens,963,http://www.gutenberg.org/files/963/963.txt
Lady Susan,Jane Austen,946,http://www.gutenberg.org/files/946/946.txt
Alice's Adventures In Wonderland,Lewis Carroll,928,LINK NOT FOUND
The Lamplighter,Charles Dickens,927,http://www.gutenberg.org/files/927/927-0.txt
To be Read at Dusk,Charles Dickens,924,http://www.gutenberg.org/files/924/924-0.txt
Sunday under Three Heads,Charles Dickens,922,http://www.gutenberg.org/files/922/922-0.txt
De Profundis,Oscar Wilde,921,http://www.gutenberg.org/files/921/921.txt
Sketches of Young Gentlemen,Charles Dickens,918,http://www.gutenberg.org/files/918/918-0.txt
Barnaby Rudge,Charles Dickens,917,http://www.gutenberg.org/files/917/917.txt
Sketches of Young Couples,Charles Dickens,916,http://www.gutenberg.org/files/916/916-0.txt
The Uncommercial Traveller,Charles Dickens,914,http://www.gutenberg.org/files/914/914-0.txt
The Mudfog and Other Sketches,Charles Dickens,912,http://www.gutenberg.org/files/912/912-0.txt
Tales of the Fish Patrol,Jack London,911,http://www.gutenberg.org/files/911/911-0.txt
White Fang,Jack London,910,http://www.gutenberg.org/files/910/910.txt
The White Company,Arthur Conan Doyle,903,http://www.gutenberg.org/files/903/903.txt
The Happy Prince,Oscar Wilde,902,http://www.gutenberg.org/files/902/902-0.txt
The Lesson of the Master,Henry James,898,http://www.gutenberg.org/files/898/898-0.txt
The Lazy Tour of Two Idle Apprentices,Charles Dickens,888,http://www.gutenberg.org/files/888/888-0.txt
Intentions,Oscar Wilde,887,http://www.gutenberg.org/files/887/887-0.txt
An Ideal Husband,Oscar Wilde,885,http://www.gutenberg.org/files/885/885.txt
Our Mutual Friend,Charles Dickens,883,http://www.gutenberg.org/files/883/883-0.txt
The Duchess of Padua,Oscar Wilde,875,http://www.gutenberg.org/files/875/875-0.txt
A House of Pomegranates,Oscar Wilde,873,http://www.gutenberg.org/files/873/873-0.txt
Reprinted Pieces,Charles Dickens,872,http://www.gutenberg.org/files/872/872-0.txt
The Master of Ballantrae,Robert Louis Stevenson,864,http://www.gutenberg.org/files/864/864-0.txt
A Woman of No Importance,Oscar Wilde,854,http://www.gutenberg.org/files/854/854-0.txt
The Black Arrow,Robert Louis Stevenson,848,http://www.gutenberg.org/files/848/848.txt
The Importance of Being Earnest,Oscar Wilde,844,http://www.gutenberg.org/files/844/844.txt
New Arabian Nights,Robert Louis Stevenson,839,http://www.gutenberg.org/files/839/839-0.txt
Dombey and Son,Charles Dickens,821,http://www.gutenberg.org/files/821/821.txt
George Silverman's Explanation,Charles Dickens,810,http://www.gutenberg.org/files/810/810-0.txt
Holiday Romance,Charles Dickens,809,http://www.gutenberg.org/files/809/809-0.txt
Hunted Down,Charles Dickens,807,http://www.gutenberg.org/files/807/807-0.txt
Lady Windermere's Fan,Oscar Wilde,790,http://www.gutenberg.org/files/790/790-0.txt
The Red One,Jack London,788,http://www.gutenberg.org/files/788/788-0.txt
Hard Times,Charles Dickens,786,http://www.gutenberg.org/files/786/786-0.txt
Essays and Lectures,Oscar Wilde,774,http://www.gutenberg.org/files/774/774-0.txt
Lord Arthur Savile's Crime,Oscar Wilde,773,http://www.gutenberg.org/files/773/773-0.txt
Moral Emblems,Robert Louis Stevenson,772,http://www.gutenberg.org/cache/epub/772/pg772.txt
David Copperfield,Charles Dickens,766,http://www.gutenberg.org/files/766/766.txt
Burning Daylight,Jack London,746,http://www.gutenberg.org/files/746/746.txt
Oliver Twist,Charles Dickens,730,http://www.gutenberg.org/files/730/730.txt
Love of Life,Jack London,710,http://www.gutenberg.org/files/710/710.txt
The Princess and the Curdie,George MacDonald,709,http://www.gutenberg.org/files/709/709.txt
The Princess and the Goblin,George MacDonald,708,http://www.gutenberg.org/files/708/708.txt
The Old Curiosity Shop,Charles Dickens,700,http://www.gutenberg.org/files/700/700.txt
A Child's History of England,Charles Dickens,699,http://www.gutenberg.org/files/699/699.txt
Memoir of Fleeming Jenkin,Robert Louis Stevenson,698,http://www.gutenberg.org/files/698/698-0.txt
The Light Princess,George MacDonald,697,http://www.gutenberg.org/files/697/697.txt
The Cricket on the Hearth,Charles Dickens,678,http://www.gutenberg.org/files/678/678-0.txt
The Battle of Life,Charles Dickens,676,http://www.gutenberg.org/cache/epub/676/pg676.txt
American Notes for General Circulation,Charles Dickens,675,http://www.gutenberg.org/files/675/675-0.txt
The Chimes,Charles Dickens,653,http://www.gutenberg.org/files/653/653-0.txt
Phantasmagoria,Lewis Carroll,651,http://www.gutenberg.org/files/651/651-0.txt
Pictures from Italy,Charles Dickens,650,http://www.gutenberg.org/files/650/650-0.txt
The Dynamiter,Robert Louis Stevenson,647,http://www.gutenberg.org/files/647/647.txt
The Figure in the Carpet,Henry James,645,http://www.gutenberg.org/files/645/645.txt
The Haunted Man and the Ghost's Bargain,Charles Dickens,644,http://www.gutenberg.org/files/644/644-0.txt
The Death of the Lion,Henry James,643,http://www.gutenberg.org/files/643/643.txt
The Altar of the Dead,Henry James,642,http://www.gutenberg.org/files/642/642.txt
Essays of Travel,Robert Louis Stevenson,627,http://www.gutenberg.org/files/627/627.txt
Sylvie and Bruno,Lewis Carroll,620,http://www.gutenberg.org/files/620/620.txt
Across the Plains,Robert Louis Stevenson,614,http://www.gutenberg.org/files/614/614-0.txt
Pellucidar,Edgar Rice Burroughs,605,http://www.gutenberg.org/files/605/605.txt
Catriona,Robert Louis Stevenson,589,http://www.gutenberg.org/files/589/589-0.txt
Master Humphrey's Clock,Charles Dickens,588,http://www.gutenberg.org/files/588/588-0.txt
The Pickwick Papers,Charles Dickens,580,http://www.gutenberg.org/files/580/580.txt
The Mystery of Edwin Drood,Charles Dickens,564,http://www.gutenberg.org/files/564/564.txt
Out of Time's Abyss,Edgar Rice Burroughs,553,http://www.gutenberg.org/files/553/553.txt
The People That Time Forgot,Edgar Rice Burroughs,552,http://www.gutenberg.org/files/552/552.txt
The Land That Time Forgot,Edgar Rice Burroughs,551,http://www.gutenberg.org/files/551/551.txt
Silas Marner,George Eliot,550,http://www.gutenberg.org/files/550/550.txt
At the Earth's Core,Edgar Rice Burroughs,545,http://www.gutenberg.org/files/545/545.txt
Tales of Terror and Mystery,Arthur Conan Doyle,537,http://www.gutenberg.org/files/537/537.txt
A Footnote to History,Robert Louis Stevenson,536,http://www.gutenberg.org/files/536/536.txt
Travels with a Donkey in the Cevennes,Robert Louis Stevenson,535,http://www.gutenberg.org/files/535/535.txt
An Inland Voyage,Robert Louis Stevenson,534,http://www.gutenberg.org/files/534/534-0.txt
The Silverado Squatters,Robert Louis Stevenson,516,http://www.gutenberg.org/files/516/516-0.txt
Adam Bede,George Eliot,507,http://www.gutenberg.org/files/507/507.txt
The Shuttle,Frances Hodgson Burnett,506,http://www.gutenberg.org/files/506/506.txt
Essays in the Art of Writing,Robert Louis Stevenson,492,http://www.gutenberg.org/files/492/492-0.txt
The Woodlanders,Thomas Hardy,482,http://www.gutenberg.org/files/482/482.txt
Little Lord Fauntleroy,Frances Hodgson Burnett,479,http://www.gutenberg.org/files/479/479.txt
In the South Seas,Robert Louis Stevenson,464,http://www.gutenberg.org/files/464/464-0.txt
The Dawn of a To-morrow,Frances Hodgson Burnett,460,http://www.gutenberg.org/files/460/460.txt
The White People,Frances Hodgson Burnett,459,http://www.gutenberg.org/files/459/459.txt
New Poems,Robert Louis Stevenson,441,http://www.gutenberg.org/files/441/441-0.txt
The Vital Message,Arthur Conan Doyle,439,http://www.gutenberg.org/files/439/439.txt
Underwoods,Robert Louis Stevenson,438,http://www.gutenberg.org/files/438/438-0.txt
The Ambassadors,Henry James,432,http://www.gutenberg.org/files/432/432.txt
Tales and Fantasies,Robert Louis Stevenson,426,http://www.gutenberg.org/files/426/426-0.txt
Familiar Studies of Men and Books,Robert Louis Stevenson,425,http://www.gutenberg.org/files/425/425-0.txt
Round the Red Lamp,Arthur Conan Doyle,423,http://www.gutenberg.org/files/423/423.txt
Kidnapped,Robert Louis Stevenson,421,http://www.gutenberg.org/files/421/421.txt
Ballads,Robert Louis Stevenson,413,http://www.gutenberg.org/files/413/413-0.txt
Cranford,Elizabeth Cleghorn Gaskell,394,http://www.gutenberg.org/files/394/394-0.txt
Vailima Letters,Robert Louis Stevenson,387,http://www.gutenberg.org/files/387/387-0.txt
Virginibus Puerisque,Robert Louis Stevenson,386,http://www.gutenberg.org/files/386/386-0.txt
The Lost Prince,Frances Hodgson Burnett,384,http://www.gutenberg.org/files/384/384.txt
Edinburgh Picturesque Notes,Robert Louis Stevenson,382,http://www.gutenberg.org/files/382/382.txt
Weir of Hermiston,Robert Louis Stevenson,380,http://www.gutenberg.org/files/380/380.txt
Lay Morals,Robert Louis Stevenson,373,http://www.gutenberg.org/files/373/373.txt
Prince Otto,Robert Louis Stevenson,372,http://www.gutenberg.org/files/372/372.txt
The Outlaw of Torn,Edgar Rice Burroughs,369,http://www.gutenberg.org/files/369/369.txt
The Mad King,Edgar Rice Burroughs,364,http://www.gutenberg.org/files/364/364.txt
The Oakdale Affair,Edgar Rice Burroughs,363,http://www.gutenberg.org/files/363/363.txt
Beyond the City,Arthur Conan Doyle,356,http://www.gutenberg.org/files/356/356.txt
The Parasite,Arthur Conan Doyle,355,http://www.gutenberg.org/files/355/355.txt
"The Merry Men, and Other Tales and Fables",Robert Louis Stevenson,344,http://www.gutenberg.org/files/344/344.txt
Fables,Robert Louis Stevenson,343,http://www.gutenberg.org/files/343/343.txt
The Mucker,Edgar Rice Burroughs,331,http://www.gutenberg.org/files/331/331.txt
Island Nights' Entertainments,Robert Louis Stevenson,329,http://www.gutenberg.org/files/329/329-0.txt
Phantastes,George MacDonald,325,http://www.gutenberg.org/files/325/325-0.txt
St. Ives,Robert Louis Stevenson,322,http://www.gutenberg.org/files/322/322.txt
John Barleycorn,Jack London,318,http://www.gutenberg.org/files/318/318.txt
Before Adam,Jack London,310,http://www.gutenberg.org/files/310/310.txt
The Ballad of Reading Gaol,Oscar Wilde,301,http://www.gutenberg.org/files/301/301.txt
The Captain of the Pole-Star and Other Tales,Arthur Conan Doyle,294,http://www.gutenberg.org/files/294/294.txt
Father Damien,Robert Louis Stevenson,281,http://www.gutenberg.org/files/281/281.txt
"Life On The Mississippi, Complete",Mark Twain,245,http://www.gutenberg.org/files/245/245-0.txt
A Study In Scarlet,Arthur Conan Doyle,244,http://www.gutenberg.org/files/244/244.txt
At the Back of the North Wind,George MacDonald,225,http://www.gutenberg.org/files/225/225-0.txt
A Pair of Blue Eyes,Thomas Hardy,224,http://www.gutenberg.org/files/224/224.txt
The Return of Sherlock Holmes,Arthur Conan Doyle,221,http://www.gutenberg.org/files/221/221.txt
The Call of the Wild,Jack London,215,http://www.gutenberg.org/files/215/215.txt
The Aspern Papers,Henry James,211,http://www.gutenberg.org/files/211/211.txt
An International Episode,Henry James,210,http://www.gutenberg.org/files/210/210.txt
The Turn of the Screw,Henry James,209,http://www.gutenberg.org/files/209/209.txt
Daisy Miller,Henry James,208,http://www.gutenberg.org/files/208/208.txt
The Europeans,Henry James,179,http://www.gutenberg.org/files/179/179.txt
Confidence,Henry James,178,http://www.gutenberg.org/files/178/178.txt
The American,Henry James,177,http://www.gutenberg.org/files/177/177-0.txt
Roderick Hudson,Henry James,176,http://www.gutenberg.org/files/176/176.txt
The Picture of Dorian Gray,Oscar Wilde,174,http://www.gutenberg.org/files/174/174.txt
Sense and Sensibility,Jane Austen,161,http://www.gutenberg.org/files/161/161.txt
Emma,Jane Austen,158,http://www.gutenberg.org/files/158/158.txt
Jude the Obscure,Thomas Hardy,153,http://www.gutenberg.org/files/153/153.txt
The Lost Continent,Edgar Rice Burroughs,149,http://www.gutenberg.org/files/149/149.txt
A Little Princess,Frances Hodgson Burnett,146,http://www.gutenberg.org/files/146/146.txt
Middlemarch,George Eliot,145,http://www.gutenberg.org/files/145/145.txt
The Mayor of Casterbridge,Thomas Hardy,143,http://www.gutenberg.org/files/143/143.txt
"The $30,000 Bequest and Other Stories",Mark Twain,142,http://www.gutenberg.org/files/142/142-0.txt
Mansfield Park,Jane Austen,141,http://www.gutenberg.org/files/141/141.txt
The Lost World,Arthur Conan Doyle,139,http://www.gutenberg.org/files/139/139.txt
Sara Crewe,Frances Hodgson Burnett,137,http://www.gutenberg.org/files/137/137.txt
A Child's Garden of Verses,Robert Louis Stevenson,136,http://www.gutenberg.org/files/136/136.txt
The Poison Belt,Arthur Conan Doyle,126,http://www.gutenberg.org/files/126/126.txt
At the Earth's Core,Edgar Rice Burroughs,123,http://www.gutenberg.org/files/123/123.txt
Return of the Native,Thomas Hardy,122,http://www.gutenberg.org/files/122/122.txt
Northanger Abbey,Jane Austen,121,http://www.gutenberg.org/files/121/121.txt
Treasure Island,Robert Louis Stevenson,120,http://www.gutenberg.org/files/120/120.txt
A Tramp Abroad,Mark Twain,119,http://www.gutenberg.org/files/119/119-0.txt
The Secret Garden,Frances Hodgson Burnett,113,http://www.gutenberg.org/files/113/113.txt
Tess of the d'Urbervilles,Thomas Hardy,110,http://www.gutenberg.org/files/110/110.txt
The Return of Sherlock Holmes,Arthur Conan Doyle,108,http://www.gutenberg.org/files/108/108.txt
Far from the Madding Crowd,Thomas Hardy,107,http://www.gutenberg.org/files/107/107.txt
Jungle Tales of Tarzan,Edgar Rice Burroughs,106,http://www.gutenberg.org/files/106/106.txt
Persuasion,Jane Austen,105,http://www.gutenberg.org/files/105/105.txt
The Tragedy of Pudd'nhead Wilson,Mark Twain,102,http://www.gutenberg.org/files/102/102.txt
A Tale of Two Cities,Charles Dickens,98,http://www.gutenberg.org/files/98/98.txt
The Monster Men,Edgar Rice Burroughs,96,http://www.gutenberg.org/files/96/96.txt
"Tom Sawyer, Detective",Mark Twain,93,http://www.gutenberg.org/files/93/93-0.txt
Tarzan and the Jewels of Opar,Edgar Rice Burroughs,92,http://www.gutenberg.org/files/92/92.txt
Tom Sawyer Abroad,Mark Twain,91,http://www.gutenberg.org/files/91/91-0.txt
The Son of Tarzan,Edgar Rice Burroughs,90,http://www.gutenberg.org/files/90/90.txt
"A Connecticut Yankee in King Arthur's Court, Complete",Mark Twain,86,http://www.gutenberg.org/files/86/86-0.txt
The Beasts of Tarzan,Edgar Rice Burroughs,85,http://www.gutenberg.org/files/85/85.txt
The Return of Tarzan,Edgar Rice Burroughs,81,http://www.gutenberg.org/files/81/81.txt
Tarzan of the Apes,Edgar Rice Burroughs,78,http://www.gutenberg.org/files/78/78.txt
Adventures of Huckleberry Finn,Mark Twain,76,http://www.gutenberg.org/files/76/76-0.txt
"The Adventures of Tom Sawyer, Complete",Mark Twain,74,http://www.gutenberg.org/files/74/74-0.txt
"Thuvia, Maid of Mars",Edgar Rice Burroughs,72,http://www.gutenberg.org/files/72/72.txt
What Is Man?,Mark Twain,70,http://www.gutenberg.org/files/70/70-0.txt
Warlord of Mars,Edgar Rice Burroughs,68,http://www.gutenberg.org/files/68/68.txt
The Gods of Mars,Edgar Rice Burroughs,64,http://www.gutenberg.org/files/64/64.txt
A Princess of Mars,Edgar Rice Burroughs,62,http://www.gutenberg.org/files/62/62.txt
"A Christmas Carol, A Ghost Story of Christmas",Charles Dickens,46,http://www.gutenberg.org/files/46/46.txt
The Strange Case Of Dr. Jekyll And Mr. Hyde,Robert Louis Stevenson,43,http://www.gutenberg.org/files/43/43-0.txt
The Strange Case Of Dr. Jekyll And Mr. Hyde,Robert Louis Stevenson,42,http://www.gutenberg.org/files/42/42.txt
Far from the Madding Crowd,Thomas Hardy,27,http://www.gutenberg.org/files/27/27.txt
The Hunting of the Snark,Lewis Carroll,13,http://www.gutenberg.org/files/13/13.txt
Through the Looking-Glass,Lewis Carroll,12,http://www.gutenberg.org/files/12/12.txt
Alice's Adventures in Wonderland,Lewis Carroll,11,http://www.gutenberg.org/files/11/11.txt
" Condensation of Determinants, Being a New and Brief Method for Computing their Arithmetical Values",Lewis Carroll,37354,LINK NOT FOUND
 The Works of Robert Louis Stevenson - Swanston Edition Vol.(of 25),Robert Louis Stevenson,31916,http://www.gutenberg.org/files/31916/31916.txt
 The Works of Robert Louis Stevenson - Swanston Edition Vol.(of 25),Robert Louis Stevenson,31809,http://www.gutenberg.org/files/31809/31809.txt
 The Works of Robert Louis Stevenson - Swanston Edition Vol.(of 25),Robert Louis Stevenson,31557,http://www.gutenberg.org/files/31557/31557.txt
 The Works of Robert Louis Stevenson - Swanston Edition Vol.(of 25),Robert Louis Stevenson,31484,http://www.gutenberg.org/files/31484/31484.txt
 The Works of Robert Louis Stevenson - Swanston Edition Vol.(of 25),Robert Louis Stevenson,31291,http://www.gutenberg.org/files/31291/31291.txt
 The Works of Robert Louis Stevenson - Swanston Edition Vol.(of 25),Robert Louis Stevenson,31037,http://www.gutenberg.org/files/31037/31037.txt
 The Works of Robert Louis Stevenson - Swanston Edition Vol.(of 25),Robert Louis Stevenson,31012,http://www.gutenberg.org/files/31012/31012.txt
 The Works of Robert Louis Stevenson - Swanston Edition Vol.(of 25),Robert Louis Stevenson,30990,http://www.gutenberg.org/files/30990/30990.txt
 The Works of Robert Louis Stevenson - Swanston Edition Vol.(of 25),Robert Louis Stevenson,30954,http://www.gutenberg.org/files/30954/30954.txt
 The Works of Robert Louis Stevenson - Swanston Edition Vol.(of 25),Robert Louis Stevenson,30939,http://www.gutenberg.org/files/30939/30939.txt
 The Works of Robert Louis Stevenson - Swanston Edition Vol.(of 25),Robert Louis Stevenson,30894,http://www.gutenberg.org/files/30894/30894.txt
 The Works of Robert Louis Stevenson - Swanston Edition Vol.(of 25),Robert Louis Stevenson,30870,http://www.gutenberg.org/files/30870/30870.txt
 The Works of Robert Louis Stevenson - Swanston Edition Vol.(of 25),Robert Louis Stevenson,30849,http://www.gutenberg.org/files/30849/30849.txt
 The Works of Robert Louis Stevenson - Swanston Edition Vol.(of 25),Robert Louis Stevenson,30807,http://www.gutenberg.org/files/30807/30807.txt
 The Works of Robert Louis Stevenson - Swanston Edition Vol.(of 25),Robert Louis Stevenson,30744,http://www.gutenberg.org/files/30744/30744.txt
 The Works of Robert Louis Stevenson - Swanston Edition Vol.(of 25),Robert Louis Stevenson,30729,http://www.gutenberg.org/files/30729/30729.txt
 The Works of Robert Louis Stevenson - Swanston Edition Vol.(of 25),Robert Louis Stevenson,30714,http://www.gutenberg.org/files/30714/30714.txt
 The Works of Robert Louis Stevenson - Swanston Edition Vol.(of 25),Robert Louis Stevenson,30700,http://www.gutenberg.org/files/30700/30700.txt
" The Works of Robert Louis Stevenson - Swanston Edition, Vol.(of 25)",Robert Louis Stevenson,30659,http://www.gutenberg.org/files/30659/30659.txt
" The Poetical Works of George MacDonald in Two Volumes, Volume I",George MacDonald,9543,http://www.gutenberg.org/files/9543/9543.txt
 The Facts Concerning The Recent Carnival Of Crime In Connecticut,Mark Twain,3183,http://www.gutenberg.org/files/3183/3183-0.txt
